File ID	File Name	Data Category	Data Type	Project ID	Case ID	Sample ID	Sample Type
c0f6e629-755e-46fe-aec9-8f23e3e51fab	93655b20-9109-4c7e-afd7-7bc76ca61578.methylation_array.sesame.level3betas.txt	DNA Methylation	Methylation Beta Value	TCGA-BRCA	TCGA-A7-A0CD	TCGA-A7-A0CD-01A	Primary Tumor
ed561d2e-725a-463f-8371-68a8b2179371	e966e65a-f107-47a0-8ae3-649ee2148dbf.methylation_array.sesame.level3betas.txt	DNA Methylation	Methylation Beta Value	TCGA-BRCA	TCGA-A8-A09K	TCGA-A8-A09K-01A	Primary Tumor
82798a39-6d38-4723-be3e-9598cfde6945	89c06b7b-8adc-449c-8de5-d8190b0f8c4d.methylation_array.sesame.level3betas.txt	DNA Methylation	Methylation Beta Value	TCGA-BRCA	TCGA-AO-A0J5	TCGA-AO-A0J5-01A	Primary Tumor
7d01001d-ea14-4eb1-9712-35f661a9887f	e6be8407-9d60-4a89-87bb-47c15a873ae4.methylation_array.sesame.level3betas.txt	DNA Methylation	Methylation Beta Value	TCGA-BRCA	TCGA-BH-A18L	TCGA-BH-A18L-01A	Primary Tumor
95218f63-ff27-4d84-a529-d0089556b83e	b7e12269-ad94-4acc-8f35-df98dbb7564f.methylation_array.sesame.level3betas.txt	DNA Methylation	Methylation Beta Value	TCGA-BRCA	TCGA-D8-A143	TCGA-D8-A143-01A	Primary Tumor
a8b8838a-a100-409d-9d06-07df413a2393	520bc510-f1fb-4b7f-b6d6-c71e6ed25e42.methylation_array.sesame.level3betas.txt	DNA Methylation	Methylation Beta Value	TCGA-BRCA	TCGA-A8-A09T	TCGA-A8-A09T-01A	Primary Tumor
fb793b9b-2fce-4e61-a8ae-ad5cbf6e57f4	70b01035-2be3-4d5f-b388-3a92ffb2853a.methylation_array.sesame.level3betas.txt	DNA Methylation	Methylation Beta Value	TCGA-BRCA	TCGA-E2-A15L	TCGA-E2-A15L-01A	Primary Tumor
41ccdd7c-c257-4334-8256-b7ca0664a578	16bf59ec-e3cb-412d-90ae-8a4e2cd135b3.methylation_array.sesame.level3betas.txt	DNA Methylation	Methylation Beta Value	TCGA-BRCA	TCGA-E2-A15T	TCGA-E2-A15T-01A	Primary Tumor
7a51efdf-fbc6-4c0b-af81-5130a9066185	93c7e916-3b16-4037-8d62-b4c2416b1de2.methylation_array.sesame.level3betas.txt	DNA Methylation	Methylation Beta Value	TCGA-BRCA	TCGA-A2-A0EQ	TCGA-A2-A0EQ-01A	Primary Tumor
6b824e11-2a06-4d22-8048-525ff53241ef	9f7c5d86-e6b2-41ed-89ae-9f8107a56dd6.methylation_array.sesame.level3betas.txt	DNA Methylation	Methylation Beta Value	TCGA-BRCA	TCGA-B6-A0IH	TCGA-B6-A0IH-01A	Primary Tumor
cb510779-bf63-465c-bab9-0e39e25a602e	0e1055e2-c791-428a-8ceb-8f1869396f10.methylation_array.sesame.level3betas.txt	DNA Methylation	Methylation Beta Value	TCGA-BRCA	TCGA-A8-A084	TCGA-A8-A084-01A	Primary Tumor
0e372415-3c83-4aa8-8153-dd7e2878fe0c	60ea9ace-996e-40d4-98a7-1f05a1df00de.methylation_array.sesame.level3betas.txt	DNA Methylation	Methylation Beta Value	TCGA-BRCA	TCGA-A8-A09E	TCGA-A8-A09E-01A	Primary Tumor
92337f60-6a05-4c49-bac4-ec8430898966	620a34a1-f5c8-4702-ba7c-3c5e35e15945.methylation_array.sesame.level3betas.txt	DNA Methylation	Methylation Beta Value	TCGA-BRCA	TCGA-C8-A12Q	TCGA-C8-A12Q-01A	Primary Tumor
5e7508e4-8a6e-4af9-8391-a62d0254f1f1	d6c112bb-b3ff-4132-a0ef-7eb32ab51655.methylation_array.sesame.level3betas.txt	DNA Methylation	Methylation Beta Value	TCGA-BRCA	TCGA-A2-A0CV	TCGA-A2-A0CV-01A	Primary Tumor
f0f24b0f-617b-4a20-b188-6c5aad08b8f0	7b6a6685-7bf4-40ad-8164-07b38fa47a93.methylation_array.sesame.level3betas.txt	DNA Methylation	Methylation Beta Value	TCGA-BRCA	TCGA-AO-A12H	TCGA-AO-A12H-01A	Primary Tumor
8e5b0bb0-c3c6-4f4e-8185-d382aea7b168	9495d221-5dcc-452d-b9e5-8986fc37288c.methylation_array.sesame.level3betas.txt	DNA Methylation	Methylation Beta Value	TCGA-BRCA	TCGA-C8-A12X	TCGA-C8-A12X-01A	Primary Tumor
756380d4-368d-4568-be44-a2a6323c95bd	45fe21d1-e883-4ae6-89d9-df9f24fc1f7e.methylation_array.sesame.level3betas.txt	DNA Methylation	Methylation Beta Value	TCGA-BRCA	TCGA-A8-A07U	TCGA-A8-A07U-01A	Primary Tumor
b08c7379-fd4d-4f5c-9cd3-21e70e2eee0c	68ff0fc0-2579-4b04-b4be-07030514c945.methylation_array.sesame.level3betas.txt	DNA Methylation	Methylation Beta Value	TCGA-BRCA	TCGA-A2-A0EV	TCGA-A2-A0EV-01A	Primary Tumor
972742a5-f3a0-4baf-8646-bf44fd29b7a0	65592543-2f94-4460-90ea-0df4f3fdc1c4.methylation_array.sesame.level3betas.txt	DNA Methylation	Methylation Beta Value	TCGA-BRCA	TCGA-A8-A0A9	TCGA-A8-A0A9-01A	Primary Tumor
cefa9e76-85cf-46d4-b2c0-5b989e39a953	03e69dc1-ccd9-41a8-96e3-b2f9dc4d64cd.methylation_array.sesame.level3betas.txt	DNA Methylation	Methylation Beta Value	TCGA-BRCA	TCGA-A7-A0CE	TCGA-A7-A0CE-01A	Primary Tumor
e4ecfee4-a247-4136-8adc-bf3a24dab074	f18b594b-9024-4d68-90ce-a5aaa1ef38bc.methylation_array.sesame.level3betas.txt	DNA Methylation	Methylation Beta Value	TCGA-BRCA	TCGA-BH-A18I	TCGA-BH-A18I-01A	Primary Tumor
abdecc34-7208-44c1-823e-37835daa57fa	b467147d-365b-4da1-b8f4-187b93bf71fb.methylation_array.sesame.level3betas.txt	DNA Methylation	Methylation Beta Value	TCGA-BRCA	TCGA-A2-A04Y	TCGA-A2-A04Y-01A	Primary Tumor
05e0ea1a-7439-4aeb-8a64-4d6e0a871c55	e0d6ddcd-1627-4421-bbc8-872ef8a4582b.methylation_array.sesame.level3betas.txt	DNA Methylation	Methylation Beta Value	TCGA-BRCA	TCGA-AN-A04C	TCGA-AN-A04C-01A	Primary Tumor
0fd814a0-5c34-401c-822a-257ff3e435a0	ed7d1f6d-ce88-4f7e-823e-d93203f0dc50.methylation_array.sesame.level3betas.txt	DNA Methylation	Methylation Beta Value	TCGA-BRCA	TCGA-A2-A0EX	TCGA-A2-A0EX-01A	Primary Tumor
bb85b02c-0ac1-4142-bf27-e88b4625c4ea	146295f8-1158-4a1e-9aa6-ef4633a2e2d3.methylation_array.sesame.level3betas.txt	DNA Methylation	Methylation Beta Value	TCGA-BRCA	TCGA-B6-A0IQ	TCGA-B6-A0IQ-01A	Primary Tumor
66806660-ebe2-420c-82df-1ef7f705070d	61846cac-79ff-45e9-895b-dcd8cb144e4b.methylation_array.sesame.level3betas.txt	DNA Methylation	Methylation Beta Value	TCGA-BRCA	TCGA-B6-A0I6	TCGA-B6-A0I6-01A	Primary Tumor
ddd23aae-c6f6-450b-b245-72baddb7f8a8	89f2b1be-2246-4f5f-a1a4-6238da611137.methylation_array.sesame.level3betas.txt	DNA Methylation	Methylation Beta Value	TCGA-BRCA	TCGA-A2-A0ES	TCGA-A2-A0ES-01A	Primary Tumor
cbd616e1-fd96-4b4a-8088-02dffe713cae	51548c75-82cf-4b2b-817d-9d0a398a6d39.methylation_array.sesame.level3betas.txt	DNA Methylation	Methylation Beta Value	TCGA-BRCA	TCGA-AN-A0AL	TCGA-AN-A0AL-01A	Primary Tumor
3645dccd-4080-4b44-913e-ee88de17da03	74422fc3-b82f-4e4b-a823-faa064d9fec4.methylation_array.sesame.level3betas.txt	DNA Methylation	Methylation Beta Value	TCGA-BRCA	TCGA-B6-A0I8	TCGA-B6-A0I8-01A	Primary Tumor
f8a43dfb-a7ec-4093-9082-b6a51d04606b	7e337ff3-342e-483e-841f-4b2b3743a5e4.methylation_array.sesame.level3betas.txt	DNA Methylation	Methylation Beta Value	TCGA-BRCA	TCGA-B6-A0IJ	TCGA-B6-A0IJ-01A	Primary Tumor
41dcb4a4-a7b1-42bc-a054-83d1f7e88e1f	5050ac93-4790-46c3-9449-e81afc71cc18.methylation_array.sesame.level3betas.txt	DNA Methylation	Methylation Beta Value	TCGA-BRCA	TCGA-E2-A15E	TCGA-E2-A15E-01A	Primary Tumor
159e92a7-62ff-4608-b587-817e4857caa8	689c200c-ebcc-4d27-8b9f-0b2a8fce0315.methylation_array.sesame.level3betas.txt	DNA Methylation	Methylation Beta Value	TCGA-BRCA	TCGA-AN-A0FY	TCGA-AN-A0FY-01A	Primary Tumor
1eb60a36-f5e7-4b4e-b274-f9f60c16ec89	bd490e8a-f403-4b3f-b259-ad7360a986f6.methylation_array.sesame.level3betas.txt	DNA Methylation	Methylation Beta Value	TCGA-BRCA	TCGA-BH-A0B7	TCGA-BH-A0B7-01A	Primary Tumor
03b29cf3-d9a2-4ca7-8e07-85fb24ba8f7e	a8b1fd15-aee6-4d09-80e7-83c50f3dff75.methylation_array.sesame.level3betas.txt	DNA Methylation	Methylation Beta Value	TCGA-BRCA	TCGA-A8-A076	TCGA-A8-A076-01A	Primary Tumor
5c0e1078-d39d-4f7f-b3c0-48b46990801f	d0e03bec-7333-43fb-a50c-bf22555cc46c.methylation_array.sesame.level3betas.txt	DNA Methylation	Methylation Beta Value	TCGA-BRCA	TCGA-BH-A0EA	TCGA-BH-A0EA-01A	Primary Tumor
e2973a8c-edce-4e29-97cd-717755a3aa91	bde9d028-6ab9-44bd-96a8-559acce695f7.methylation_array.sesame.level3betas.txt	DNA Methylation	Methylation Beta Value	TCGA-BRCA	TCGA-BH-A0BG	TCGA-BH-A0BG-01A	Primary Tumor
63418b5d-abd0-4d72-895c-673b6a4640e4	0b707330-0411-4b89-86d5-ab594ddc17a5.methylation_array.sesame.level3betas.txt	DNA Methylation	Methylation Beta Value	TCGA-BRCA	TCGA-E2-A14R	TCGA-E2-A14R-01A	Primary Tumor
ddb63e5f-51a8-4b81-ba8a-b984a3dbe59a	60b0135a-5c4f-4822-907b-d743ce5a8244.methylation_array.sesame.level3betas.txt	DNA Methylation	Methylation Beta Value	TCGA-BRCA	TCGA-A8-A06Y	TCGA-A8-A06Y-01A	Primary Tumor
b604590c-d22c-497f-a27e-fa81079e2b06	4f116e06-0e56-49f7-bcef-d75477a01fcb.methylation_array.sesame.level3betas.txt	DNA Methylation	Methylation Beta Value	TCGA-BRCA	TCGA-B6-A0IB	TCGA-B6-A0IB-01A	Primary Tumor
be418c41-38f3-4c57-905e-c4bcaf56ec6c	c943a7ab-a0eb-44c1-8aad-1969c423b64c.methylation_array.sesame.level3betas.txt	DNA Methylation	Methylation Beta Value	TCGA-BRCA	TCGA-B6-A0IN	TCGA-B6-A0IN-01A	Primary Tumor
474e74fd-ff03-4669-921f-7a5ef8e9ef25	b1196607-f99e-4443-aae9-b75fd5b89b80.methylation_array.sesame.level3betas.txt	DNA Methylation	Methylation Beta Value	TCGA-BRCA	TCGA-AN-A0FJ	TCGA-AN-A0FJ-01A	Primary Tumor
69cf040d-fbdc-4736-8570-83c8518c39c6	24d23896-1617-4ef6-b983-2caf3e54d780.methylation_array.sesame.level3betas.txt	DNA Methylation	Methylation Beta Value	TCGA-BRCA	TCGA-C8-A130	TCGA-C8-A130-01A	Primary Tumor
193f9165-5fa3-4d87-8a6a-5b8ddc59add9	33fb1a01-6006-43d4-b62a-824d2f9b1b12.methylation_array.sesame.level3betas.txt	DNA Methylation	Methylation Beta Value	TCGA-BRCA	TCGA-BH-A0E7	TCGA-BH-A0E7-01A	Primary Tumor
7cce3783-7bd5-422b-8e12-ced421fd1302	7c0dd387-5c88-4b36-b856-0f92874012ea.methylation_array.sesame.level3betas.txt	DNA Methylation	Methylation Beta Value	TCGA-BRCA	TCGA-BH-A0DL	TCGA-BH-A0DL-01A	Primary Tumor
791f85e8-db7a-44d3-b960-53b8d8cc9bff	423e40a8-2a91-47e9-8e5f-05516ee32c38.methylation_array.sesame.level3betas.txt	DNA Methylation	Methylation Beta Value	TCGA-BRCA	TCGA-AN-A0FT	TCGA-AN-A0FT-01A	Primary Tumor
63e26f25-00cd-4a43-8796-fad6e996ed1b	a4ac9f47-6466-4f7e-984a-c3f7e8caaa56.methylation_array.sesame.level3betas.txt	DNA Methylation	Methylation Beta Value	TCGA-BRCA	TCGA-B6-A0I9	TCGA-B6-A0I9-01A	Primary Tumor
c88a6a80-5c66-46f6-9c93-b334b847d5f9	109c9508-6f3f-4606-b0c6-e681a11e5ac1.methylation_array.sesame.level3betas.txt	DNA Methylation	Methylation Beta Value	TCGA-BRCA	TCGA-A2-A0CS	TCGA-A2-A0CS-01A	Primary Tumor
468f5542-6a8c-4190-8173-60f9088baf30	ec572229-c704-465d-97c0-ddfb7a73295e.methylation_array.sesame.level3betas.txt	DNA Methylation	Methylation Beta Value	TCGA-BRCA	TCGA-AN-A0G0	TCGA-AN-A0G0-01A	Primary Tumor
7ddc3142-71b2-4fef-ad12-97ad86c5dabf	078f75c2-6d13-47b9-8a5b-1ce4c99b67c0.methylation_array.sesame.level3betas.txt	DNA Methylation	Methylation Beta Value	TCGA-BRCA	TCGA-A8-A09N	TCGA-A8-A09N-01A	Primary Tumor
2d2cd419-ad7e-41c9-96e2-fbfd2d964aa7	2832c577-b3a0-42b0-92c9-f7cf6b45fc00.methylation_array.sesame.level3betas.txt	DNA Methylation	Methylation Beta Value	TCGA-BRCA	TCGA-A8-A09M	TCGA-A8-A09M-01A	Primary Tumor
ab6e71a7-566b-4f25-94eb-164abb21d2a5	12da04c4-c74f-480f-9a3f-8c7c421a71f2.methylation_array.sesame.level3betas.txt	DNA Methylation	Methylation Beta Value	TCGA-BRCA	TCGA-A8-A0A1	TCGA-A8-A0A1-01A	Primary Tumor
0c2a2cb4-fe5b-4d3b-8b57-0e79abde1973	3d019f9a-1a93-4602-aefb-71ff0f011032.methylation_array.sesame.level3betas.txt	DNA Methylation	Methylation Beta Value	TCGA-BRCA	TCGA-E2-A14X	TCGA-E2-A14X-01A	Primary Tumor
e66aa776-cc3a-487b-9f87-9d0bf5157881	2d1eb5ce-3fbb-499e-ac59-e2a45b5808e3.methylation_array.sesame.level3betas.txt	DNA Methylation	Methylation Beta Value	TCGA-BRCA	TCGA-A8-A08R	TCGA-A8-A08R-01A	Primary Tumor
fb2250b0-b0e0-4810-86fe-ace7aa5d55ca	cbee3967-7557-4601-9e40-957a812abd8f.methylation_array.sesame.level3betas.txt	DNA Methylation	Methylation Beta Value	TCGA-BRCA	TCGA-A8-A06T	TCGA-A8-A06T-01A	Primary Tumor
1990c09c-2468-4ced-8ee9-d5658cd224c8	2912470e-ef3f-40fa-8a9b-f77aae0afa2d.methylation_array.sesame.level3betas.txt	DNA Methylation	Methylation Beta Value	TCGA-BRCA	TCGA-A8-A09I	TCGA-A8-A09I-01A	Primary Tumor
e7e65c89-d84e-425d-9905-e013bf70b074	5cd576b8-248a-49e2-ac82-d877843b204a.methylation_array.sesame.level3betas.txt	DNA Methylation	Methylation Beta Value	TCGA-BRCA	TCGA-D8-A146	TCGA-D8-A146-01A	Primary Tumor
6aa3f65a-e1fd-46b0-add5-fafe6190d700	2d82bb16-80f2-4c1e-9283-ff3d0afdb5f5.methylation_array.sesame.level3betas.txt	DNA Methylation	Methylation Beta Value	TCGA-BRCA	TCGA-A8-A07E	TCGA-A8-A07E-01A	Primary Tumor
1827569b-cad9-49be-bf0c-caf9f79514ba	1355d482-0ab9-424e-95b5-3e9ef1f136ee.methylation_array.sesame.level3betas.txt	DNA Methylation	Methylation Beta Value	TCGA-BRCA	TCGA-BH-A0BD	TCGA-BH-A0BD-01A	Primary Tumor
0bd68c05-e2aa-4cff-878c-998fbe5b8a94	5abd7590-46fd-4016-b38a-e334a7066e25.methylation_array.sesame.level3betas.txt	DNA Methylation	Methylation Beta Value	TCGA-BRCA	TCGA-A8-A06Q	TCGA-A8-A06Q-01A	Primary Tumor
9ff6c3fb-8668-4349-98dd-10d458983b61	a61b373c-3cc9-46af-8b16-e3c1594ad9a7.methylation_array.sesame.level3betas.txt	DNA Methylation	Methylation Beta Value	TCGA-BRCA	TCGA-A8-A07G	TCGA-A8-A07G-01A	Primary Tumor
02be6d40-b6a0-468a-9744-baaf59a01db3	bebe758f-76a6-4f2d-96bc-cefe97e900a6.methylation_array.sesame.level3betas.txt	DNA Methylation	Methylation Beta Value	TCGA-BRCA	TCGA-A2-A0D4	TCGA-A2-A0D4-01A	Primary Tumor
7f1133e6-3aad-4120-8989-6b9a5511057c	6a6360e4-6f47-49f6-b902-af2c5e661df2.methylation_array.sesame.level3betas.txt	DNA Methylation	Methylation Beta Value	TCGA-BRCA	TCGA-AR-A0TS	TCGA-AR-A0TS-01A	Primary Tumor
06353f79-04d1-486e-bdad-83ab4d781320	34ec7660-bacb-4906-ba84-30fad498f6bb.methylation_array.sesame.level3betas.txt	DNA Methylation	Methylation Beta Value	TCGA-BRCA	TCGA-AN-A0AK	TCGA-AN-A0AK-01A	Primary Tumor
65221a02-4ddf-4003-8419-555af90c59c6	296203d0-6d13-4670-b6f9-6d2817e894d3.methylation_array.sesame.level3betas.txt	DNA Methylation	Methylation Beta Value	TCGA-BRCA	TCGA-B6-A0IP	TCGA-B6-A0IP-01A	Primary Tumor
36eb4bd2-acf1-4e30-bf3d-afb96a3f0fd9	f3a778b0-baa1-41bb-ae1a-f6f464dc762b.methylation_array.sesame.level3betas.txt	DNA Methylation	Methylation Beta Value	TCGA-BRCA	TCGA-AO-A03O	TCGA-AO-A03O-01A	Primary Tumor
ad090114-a278-45f7-ad4c-5b9795a454fe	a98217af-f6e7-4770-8912-2988ae2a84cd.methylation_array.sesame.level3betas.txt	DNA Methylation	Methylation Beta Value	TCGA-BRCA	TCGA-BH-A0EI	TCGA-BH-A0EI-01A	Primary Tumor
3fd6c994-40e7-4038-b23a-3cbab36e40d7	20f5ce9d-da3c-462e-a82d-3e0d0c8d28ed.methylation_array.sesame.level3betas.txt	DNA Methylation	Methylation Beta Value	TCGA-BRCA	TCGA-BH-A0BW	TCGA-BH-A0BW-01A	Primary Tumor
841af66d-3ed8-4c42-b26f-559a13b633eb	88fba14d-36a9-4d0d-b324-27cfcc60d19b.methylation_array.sesame.level3betas.txt	DNA Methylation	Methylation Beta Value	TCGA-BRCA	TCGA-A8-A07F	TCGA-A8-A07F-01A	Primary Tumor
9cba1d87-14e6-4818-ae4c-4a9fdf39fd86	b1aa9f3c-c857-4e7d-8d95-8e22911c6373.methylation_array.sesame.level3betas.txt	DNA Methylation	Methylation Beta Value	TCGA-BRCA	TCGA-AN-A0FZ	TCGA-AN-A0FZ-01A	Primary Tumor
d3826d84-0a9f-4cfc-96a4-5b7fa802217f	d6c2ec66-21cc-40ab-b600-d8437b4f291a.methylation_array.sesame.level3betas.txt	DNA Methylation	Methylation Beta Value	TCGA-BRCA	TCGA-A8-A0A2	TCGA-A8-A0A2-01A	Primary Tumor
76718f7f-3a82-489c-8a56-f2cd57a5dd86	644e6591-90da-49fe-acc7-159e456f8c9b.methylation_array.sesame.level3betas.txt	DNA Methylation	Methylation Beta Value	TCGA-BRCA	TCGA-E2-A14V	TCGA-E2-A14V-01A	Primary Tumor
85a35156-87fb-48d6-b294-0205cded0bbe	cfa2a0ed-c17c-47c9-8f20-a74c789000f0.methylation_array.sesame.level3betas.txt	DNA Methylation	Methylation Beta Value	TCGA-BRCA	TCGA-A8-A08P	TCGA-A8-A08P-01A	Primary Tumor
ae582159-42da-4c4d-8db8-d7e8db413bef	49b9f086-cac8-473c-a40f-d77b5ec5ce9d.methylation_array.sesame.level3betas.txt	DNA Methylation	Methylation Beta Value	TCGA-BRCA	TCGA-C8-A12M	TCGA-C8-A12M-01A	Primary Tumor
47643dfd-78ea-4874-a99a-7e3c3ecdb794	e56464cf-0947-44cb-9da3-12cd0d0ad16d.methylation_array.sesame.level3betas.txt	DNA Methylation	Methylation Beta Value	TCGA-BRCA	TCGA-AO-A0J8	TCGA-AO-A0J8-01A	Primary Tumor
e6578621-10b9-4008-8087-08f9b539f990	49c6c588-0ce0-4872-9cc2-7fef788c44bc.methylation_array.sesame.level3betas.txt	DNA Methylation	Methylation Beta Value	TCGA-BRCA	TCGA-BH-A0W7	TCGA-BH-A0W7-01A	Primary Tumor
e6b5c4b3-5c43-4268-829d-df23f5978302	a607894f-9283-4ddc-bac7-d21d2bb7b4da.methylation_array.sesame.level3betas.txt	DNA Methylation	Methylation Beta Value	TCGA-BRCA	TCGA-A8-A08S	TCGA-A8-A08S-01A	Primary Tumor
f027c63d-a36d-4fa8-8a17-0a29a87c5747	28069268-ebac-4f83-96bd-87d80cf4ad23.methylation_array.sesame.level3betas.txt	DNA Methylation	Methylation Beta Value	TCGA-BRCA	TCGA-A8-A083	TCGA-A8-A083-01A	Primary Tumor
947ae899-352e-457e-84bf-4f16a5c92253	39748125-a689-47a0-92ad-fc4244b28a03.methylation_array.sesame.level3betas.txt	DNA Methylation	Methylation Beta Value	TCGA-BRCA	TCGA-AO-A0J9	TCGA-AO-A0J9-01A	Primary Tumor
78f2026e-774d-4530-a46b-9c4d0c8e335d	57f22c57-985f-4660-bcee-b26497849aa1.methylation_array.sesame.level3betas.txt	DNA Methylation	Methylation Beta Value	TCGA-BRCA	TCGA-A2-A04Q	TCGA-A2-A04Q-01A	Primary Tumor
adeca018-a2ca-4def-879d-233772f19612	67d35a23-ce30-48fb-b627-b95f26598924.methylation_array.sesame.level3betas.txt	DNA Methylation	Methylation Beta Value	TCGA-BRCA	TCGA-B6-A0IC	TCGA-B6-A0IC-01A	Primary Tumor
207a50ee-0a89-4851-ad43-2fac9b7bc5f2	c5e0ca54-883b-4e60-b2bd-f03c54871a6d.methylation_array.sesame.level3betas.txt	DNA Methylation	Methylation Beta Value	TCGA-BRCA	TCGA-A8-A07J	TCGA-A8-A07J-01A	Primary Tumor
b1b1a922-9a28-4a65-8b2c-6a5ab0d90f65	90747728-00fb-410b-a21d-fec4527e7128.methylation_array.sesame.level3betas.txt	DNA Methylation	Methylation Beta Value	TCGA-BRCA	TCGA-BH-A0BV	TCGA-BH-A0BV-01A	Primary Tumor
2fc3f3ee-3988-4204-b942-9867e271a03c	e1c6d885-b3ae-4513-897e-6fa2c096db7a.methylation_array.sesame.level3betas.txt	DNA Methylation	Methylation Beta Value	TCGA-BRCA	TCGA-A8-A06X	TCGA-A8-A06X-01A	Primary Tumor
223b0ebc-2156-4f3f-99f0-37c685d78546	d15ddc66-8689-42f7-a68b-89bb0e8015ab.methylation_array.sesame.level3betas.txt	DNA Methylation	Methylation Beta Value	TCGA-BRCA	TCGA-C8-A12T	TCGA-C8-A12T-01A	Primary Tumor
da91470b-f27f-490a-976a-6f12dc2c6d31	90e1e5bb-b2a8-4d1e-add2-6f22e6b34028.methylation_array.sesame.level3betas.txt	DNA Methylation	Methylation Beta Value	TCGA-BRCA	TCGA-A2-A04X	TCGA-A2-A04X-01A	Primary Tumor
26ad1c0f-5c65-48a2-a216-718d441e7938	71506f7c-e42b-4b6f-9863-8a42487627b6.methylation_array.sesame.level3betas.txt	DNA Methylation	Methylation Beta Value	TCGA-BRCA	TCGA-A2-A0ER	TCGA-A2-A0ER-01A	Primary Tumor
07bbd562-2970-4824-9a46-28bb9d1f252b	21197827-03dc-4b30-8e27-37f310a6c218.methylation_array.sesame.level3betas.txt	DNA Methylation	Methylation Beta Value	TCGA-BRCA	TCGA-AO-A12A	TCGA-AO-A12A-01A	Primary Tumor
a069c80c-82e0-4360-8e55-1a5a550827f9	2e44dfdb-aafd-4d56-9420-658db0f63246.methylation_array.sesame.level3betas.txt	DNA Methylation	Methylation Beta Value	TCGA-BRCA	TCGA-A8-A06O	TCGA-A8-A06O-01A	Primary Tumor
e1f94920-6ab5-4873-88a4-99327b601717	f07e3d29-7f87-48ff-b015-4cf8ca0d35a7.methylation_array.sesame.level3betas.txt	DNA Methylation	Methylation Beta Value	TCGA-BRCA	TCGA-BH-A0E6	TCGA-BH-A0E6-01A	Primary Tumor
87dd5606-727a-4933-ae4e-3df8127b7f92	52c235fc-bd18-475f-b69b-fee9fd51266c.methylation_array.sesame.level3betas.txt	DNA Methylation	Methylation Beta Value	TCGA-BRCA	TCGA-AN-A0AM	TCGA-AN-A0AM-01A	Primary Tumor
d1a28338-792a-4c71-ba37-c2cf3e462d9e	35835d8d-496f-48b1-a9d3-dea55ea6194a.methylation_array.sesame.level3betas.txt	DNA Methylation	Methylation Beta Value	TCGA-BRCA	TCGA-A8-A07W	TCGA-A8-A07W-01A	Primary Tumor
e8945174-c826-4a17-b1bd-61c6dbedfe21	bde9130b-e24b-43ac-bb21-388b3ea0d4fd.methylation_array.sesame.level3betas.txt	DNA Methylation	Methylation Beta Value	TCGA-BRCA	TCGA-BH-A0DX	TCGA-BH-A0DX-01A	Primary Tumor
2d076838-c5f4-4412-85ff-feff0e3ec036	f6c774e5-16d3-4072-91bd-be7b8608b590.methylation_array.sesame.level3betas.txt	DNA Methylation	Methylation Beta Value	TCGA-BRCA	TCGA-B6-A0IO	TCGA-B6-A0IO-01A	Primary Tumor
a8e1516e-01ee-415d-a433-f2794822c4cd	ef8e57b5-c6a5-405d-a798-6b3035937fb8.methylation_array.sesame.level3betas.txt	DNA Methylation	Methylation Beta Value	TCGA-BRCA	TCGA-C8-A137	TCGA-C8-A137-01A	Primary Tumor
6f8a0579-dd60-47b5-9c3a-43710f05b0f9	14308056-4a3b-4989-aa17-2a948abc9556.methylation_array.sesame.level3betas.txt	DNA Methylation	Methylation Beta Value	TCGA-BRCA	TCGA-A8-A09Q	TCGA-A8-A09Q-01A	Primary Tumor
2ac83622-27d5-4f0c-80a0-1a0f626376ef	861493ae-f5f6-498d-8252-5a606efa9d6d.methylation_array.sesame.level3betas.txt	DNA Methylation	Methylation Beta Value	TCGA-BRCA	TCGA-A8-A0AB	TCGA-A8-A0AB-01A	Primary Tumor
c0671fc0-a47f-4a45-adf1-0154ef17e0e6	957ef100-0b7c-41bb-a3bf-47a50cb8c4d6.methylation_array.sesame.level3betas.txt	DNA Methylation	Methylation Beta Value	TCGA-BRCA	TCGA-BH-A18U	TCGA-BH-A18U-01A	Primary Tumor
deee46a7-298b-4012-a9c1-bb74fcb870e7	7581e849-fa7f-4ad8-a614-76bb14b487a9.methylation_array.sesame.level3betas.txt	DNA Methylation	Methylation Beta Value	TCGA-BRCA	TCGA-A8-A06Z	TCGA-A8-A06Z-01A	Primary Tumor
90521297-c10d-4bc3-bdad-212ce251440b	438c261c-0a78-4fb2-91bf-6935e4e27e31.methylation_array.sesame.level3betas.txt	DNA Methylation	Methylation Beta Value	TCGA-BRCA	TCGA-AN-A0FX	TCGA-AN-A0FX-01A	Primary Tumor
43d26a72-1a94-40a6-a165-35507e6130da	cdb9a75a-8385-4c05-9dd5-5779c1a92479.methylation_array.sesame.level3betas.txt	DNA Methylation	Methylation Beta Value	TCGA-BRCA	TCGA-A2-A04N	TCGA-A2-A04N-01A	Primary Tumor
0cdf9738-2dd4-4959-a976-28e1f7fe3b90	cab7870a-8487-4343-85c0-1bc37ce27737.methylation_array.sesame.level3betas.txt	DNA Methylation	Methylation Beta Value	TCGA-BRCA	TCGA-A2-A04V	TCGA-A2-A04V-01A	Primary Tumor
16d6a105-0754-4ad7-833e-423d834c8ad9	e42dfb96-21de-4d42-b2a3-47a97843ebc6.methylation_array.sesame.level3betas.txt	DNA Methylation	Methylation Beta Value	TCGA-BRCA	TCGA-A2-A0EW	TCGA-A2-A0EW-01A	Primary Tumor
f7f81a36-61ce-4835-ad42-2282f01358e1	a3a283f8-fd77-4188-8d2f-644012ebf531.methylation_array.sesame.level3betas.txt	DNA Methylation	Methylation Beta Value	TCGA-BRCA	TCGA-A8-A096	TCGA-A8-A096-01A	Primary Tumor
fb9ecd4f-3410-404f-ad17-710c28eeec5a	5358ca97-f02d-459b-b643-1281e3cb1347.methylation_array.sesame.level3betas.txt	DNA Methylation	Methylation Beta Value	TCGA-BRCA	TCGA-E2-A15C	TCGA-E2-A15C-01A	Primary Tumor
7e725aca-4617-4f86-a46b-20929213d365	6157fcee-36c0-4e9f-a086-01d64b8db3de.methylation_array.sesame.level3betas.txt	DNA Methylation	Methylation Beta Value	TCGA-BRCA	TCGA-A8-A097	TCGA-A8-A097-01A	Primary Tumor
35ada957-4511-4f25-a9a7-50a6e51e9fd8	5a4e638b-b534-420f-9675-31cb8d4c50bb.methylation_array.sesame.level3betas.txt	DNA Methylation	Methylation Beta Value	TCGA-BRCA	TCGA-AO-A03T	TCGA-AO-A03T-01A	Primary Tumor
f678f16f-7ab2-4f39-864c-c3bac60a21f5	0fb42d1a-4b09-4678-947d-15385980b8cc.methylation_array.sesame.level3betas.txt	DNA Methylation	Methylation Beta Value	TCGA-BRCA	TCGA-E2-A15G	TCGA-E2-A15G-01A	Primary Tumor
96021bef-9bc3-4167-988e-b411ddbf0f2e	a4b75cbd-056c-4d20-aff8-b2d21f2706ef.methylation_array.sesame.level3betas.txt	DNA Methylation	Methylation Beta Value	TCGA-BRCA	TCGA-AR-A1AH	TCGA-AR-A1AH-01A	Primary Tumor
049141ec-d66e-420c-a8f0-f929abbb667f	c7b0c64d-f519-4d72-aed1-faa2dad6fb84.methylation_array.sesame.level3betas.txt	DNA Methylation	Methylation Beta Value	TCGA-BRCA	TCGA-E2-A153	TCGA-E2-A153-01A	Primary Tumor
850625cb-122a-47ee-b6e2-e27f886c4ccd	88e23be2-8704-4eac-9317-2d7350fbf28e.methylation_array.sesame.level3betas.txt	DNA Methylation	Methylation Beta Value	TCGA-BRCA	TCGA-A8-A08C	TCGA-A8-A08C-01A	Primary Tumor
920e83ae-d731-4134-8eaa-8b3b1f54dd56	b5cc0e03-7721-45b7-9c20-cea2d1c3825b.methylation_array.sesame.level3betas.txt	DNA Methylation	Methylation Beta Value	TCGA-BRCA	TCGA-A2-A0CY	TCGA-A2-A0CY-01A	Primary Tumor
bad474de-9b67-4c2e-a3f5-ef12bcc6dff5	82db1b84-17d4-40f8-810f-453fc7c92b3b.methylation_array.sesame.level3betas.txt	DNA Methylation	Methylation Beta Value	TCGA-BRCA	TCGA-A8-A07S	TCGA-A8-A07S-01A	Primary Tumor
d11fbfaf-6f1e-4c83-a570-a4723ab5ef12	ac54b5ff-8e6d-4035-97da-2c21bd113b1e.methylation_array.sesame.level3betas.txt	DNA Methylation	Methylation Beta Value	TCGA-BRCA	TCGA-A8-A06P	TCGA-A8-A06P-01A	Primary Tumor
04235d8a-f39d-4a0c-ba1c-01a24df325f4	72a71d75-8f87-4455-9169-5548c3e149e0.methylation_array.sesame.level3betas.txt	DNA Methylation	Methylation Beta Value	TCGA-BRCA	TCGA-A8-A08B	TCGA-A8-A08B-01A	Primary Tumor
dedf2463-767c-431e-be5b-a87b895bcc83	b7f0bf0d-f935-41e3-8d19-f360ac20d530.methylation_array.sesame.level3betas.txt	DNA Methylation	Methylation Beta Value	TCGA-BRCA	TCGA-BH-A0B0	TCGA-BH-A0B0-01A	Primary Tumor
46333669-dce4-4ed5-b75e-f22836f1d014	aa7994b6-8924-4e0c-b074-df337441195e.methylation_array.sesame.level3betas.txt	DNA Methylation	Methylation Beta Value	TCGA-BRCA	TCGA-B6-A0IA	TCGA-B6-A0IA-01A	Primary Tumor
5aa8e9c4-7c45-4f7e-beca-685f55fbeff3	62afbd74-0a4e-4dd1-8e27-c4d8f3c778e6.methylation_array.sesame.level3betas.txt	DNA Methylation	Methylation Beta Value	TCGA-BRCA	TCGA-AN-A0FL	TCGA-AN-A0FL-01A	Primary Tumor
e5de5e53-d647-4366-a2ac-03c8871c1df2	d1eecaf1-0294-4af7-834a-0cd12f0f5855.methylation_array.sesame.level3betas.txt	DNA Methylation	Methylation Beta Value	TCGA-BRCA	TCGA-C8-A12V	TCGA-C8-A12V-01A	Primary Tumor
11e10db8-73a3-4f6d-aebc-bf9626da7dcd	7d1d43ef-4bcb-40a2-84b4-040b02844551.methylation_array.sesame.level3betas.txt	DNA Methylation	Methylation Beta Value	TCGA-BRCA	TCGA-C8-A138	TCGA-C8-A138-01A	Primary Tumor
7dee2587-50f8-4bf3-9529-572417d1572d	3c8a85f5-96fd-4933-99d8-fc39af59a026.methylation_array.sesame.level3betas.txt	DNA Methylation	Methylation Beta Value	TCGA-BRCA	TCGA-BH-A0HL	TCGA-BH-A0HL-01A	Primary Tumor
0ce843a8-8faf-4bf1-aab5-41fe2b989baf	0b27bcfe-377a-48c4-8d21-9e90ee9d0ec0.methylation_array.sesame.level3betas.txt	DNA Methylation	Methylation Beta Value	TCGA-BRCA	TCGA-A2-A0CL	TCGA-A2-A0CL-01A	Primary Tumor
57642c03-2ff7-4667-a465-684973043de1	066dbeaf-c8a8-47a4-95eb-40e1f667ce41.methylation_array.sesame.level3betas.txt	DNA Methylation	Methylation Beta Value	TCGA-BRCA	TCGA-A8-A08J	TCGA-A8-A08J-01A	Primary Tumor
c94780bd-be47-44db-a9d3-f385a822d7aa	b74f7ce7-1feb-48eb-b41a-b1b0fef82cbf.methylation_array.sesame.level3betas.txt	DNA Methylation	Methylation Beta Value	TCGA-BRCA	TCGA-B6-A0IE	TCGA-B6-A0IE-01A	Primary Tumor
dbdeef5f-2ad7-4179-aaba-33c7addad46f	04321cdf-b170-4fb9-8659-11672036214f.methylation_array.sesame.level3betas.txt	DNA Methylation	Methylation Beta Value	TCGA-BRCA	TCGA-A8-A09B	TCGA-A8-A09B-01A	Primary Tumor
86477528-0d35-4848-9f50-f00c66ee13c5	2b639330-8593-4847-a400-c6d851484c7d.methylation_array.sesame.level3betas.txt	DNA Methylation	Methylation Beta Value	TCGA-BRCA	TCGA-A8-A09C	TCGA-A8-A09C-01A	Primary Tumor
25d22ca2-5c17-4d3f-a98a-8e2d42a6956c	698b884f-2d41-4e9b-adc8-7d8454aa1df7.methylation_array.sesame.level3betas.txt	DNA Methylation	Methylation Beta Value	TCGA-BRCA	TCGA-A8-A081	TCGA-A8-A081-01A	Primary Tumor
56976c3d-4ec3-4c9f-b7dd-c9833c7afe67	9a4ddcbd-b359-4ab1-8dca-5dac08be3621.methylation_array.sesame.level3betas.txt	DNA Methylation	Methylation Beta Value	TCGA-BRCA	TCGA-C8-A131	TCGA-C8-A131-01A	Primary Tumor
94a58386-c380-41c3-8183-27d77f0d5f39	986b1273-2e7f-4552-80bd-39d064c9f7e5.methylation_array.sesame.level3betas.txt	DNA Methylation	Methylation Beta Value	TCGA-BRCA	TCGA-A8-A093	TCGA-A8-A093-01A	Primary Tumor
89af2067-0b57-4641-bf9e-0f80aa543a7a	89e92b39-85c8-45d5-b478-a3fab7f55d65.methylation_array.sesame.level3betas.txt	DNA Methylation	Methylation Beta Value	TCGA-BRCA	TCGA-BH-A0DT	TCGA-BH-A0DT-01A	Primary Tumor
970acfed-ffa6-4695-9035-7ea9d8e0d687	f68fe86f-cc2e-4f62-8bcc-f4259bbb5cbf.methylation_array.sesame.level3betas.txt	DNA Methylation	Methylation Beta Value	TCGA-BRCA	TCGA-A8-A08G	TCGA-A8-A08G-01A	Primary Tumor
5dd26f45-7cf7-4411-849e-347b7ba0a91a	dc560de0-d0a7-4b2f-9bc7-bb48f89d7db5.methylation_array.sesame.level3betas.txt	DNA Methylation	Methylation Beta Value	TCGA-BRCA	TCGA-A2-A0D2	TCGA-A2-A0D2-01A	Primary Tumor
6b28a695-cc4c-4af3-9370-9d8221cf253c	17d71249-5505-4c46-bc7b-433e6f582347.methylation_array.sesame.level3betas.txt	DNA Methylation	Methylation Beta Value	TCGA-BRCA	TCGA-A7-A0CG	TCGA-A7-A0CG-01A	Primary Tumor
8074bf96-83d7-45c0-86fa-b576646e2f5d	c4714d99-375e-4850-9ba1-7e54406fdba7.methylation_array.sesame.level3betas.txt	DNA Methylation	Methylation Beta Value	TCGA-BRCA	TCGA-C8-A12K	TCGA-C8-A12K-01A	Primary Tumor
9e59852a-56ba-4c31-a97c-cec62ff1540f	72ead844-f2da-4d1c-9f09-2631930da47f.methylation_array.sesame.level3betas.txt	DNA Methylation	Methylation Beta Value	TCGA-BRCA	TCGA-A7-A0CJ	TCGA-A7-A0CJ-01A	Primary Tumor
51e6c3ec-2dd5-4b0c-8811-0edc6c71c82a	c5f1de4c-ae8d-43fe-9f29-c8cf6350ce62.methylation_array.sesame.level3betas.txt	DNA Methylation	Methylation Beta Value	TCGA-BRCA	TCGA-E2-A159	TCGA-E2-A159-01A	Primary Tumor
d2beb8a3-7014-483f-bced-2f0b1b280c12	5915031f-5081-4264-be51-8c891b4afc36.methylation_array.sesame.level3betas.txt	DNA Methylation	Methylation Beta Value	TCGA-BRCA	TCGA-E2-A14Z	TCGA-E2-A14Z-01A	Primary Tumor
d3feed1e-9375-40aa-b866-3712e28abfc9	992b0b1b-54e0-4f46-828b-3c1bc2022b37.methylation_array.sesame.level3betas.txt	DNA Methylation	Methylation Beta Value	TCGA-BRCA	TCGA-BH-A18Q	TCGA-BH-A18Q-01A	Primary Tumor
8f0bc595-6055-43db-8e7b-7e691283c1e7	8f2d537d-1388-4309-a4d2-609eaf74059b.methylation_array.sesame.level3betas.txt	DNA Methylation	Methylation Beta Value	TCGA-BRCA	TCGA-AR-A0TY	TCGA-AR-A0TY-01A	Primary Tumor
932854aa-6bd2-41c5-9e71-38141f0aa0ea	7bf4feba-cc5e-4e69-98a6-2c9d3ac1ed30.methylation_array.sesame.level3betas.txt	DNA Methylation	Methylation Beta Value	TCGA-BRCA	TCGA-A8-A08H	TCGA-A8-A08H-01A	Primary Tumor
f2a69b8d-09e1-48c8-8a61-798e21204a1b	9a460207-03c4-4047-aaf6-412ac23626b5.methylation_array.sesame.level3betas.txt	DNA Methylation	Methylation Beta Value	TCGA-BRCA	TCGA-BH-A0BO	TCGA-BH-A0BO-01A	Primary Tumor
eb2be2cb-f044-41a2-b1f5-5d53ba454d59	3ce8337c-3d78-4224-ba1b-55200e5568f1.methylation_array.sesame.level3betas.txt	DNA Methylation	Methylation Beta Value	TCGA-BRCA	TCGA-A8-A09X	TCGA-A8-A09X-01A	Primary Tumor
61ce650a-c278-44bc-9eb3-92891af277f6	fe55c8bd-c1c2-48ba-a34a-eaf7033a7552.methylation_array.sesame.level3betas.txt	DNA Methylation	Methylation Beta Value	TCGA-BRCA	TCGA-BH-A0AV	TCGA-BH-A0AV-01A	Primary Tumor
05435bfd-dfdb-4635-9638-ead8fb7d64df	5288e940-d476-47a6-b5ee-b762553ad366.methylation_array.sesame.level3betas.txt	DNA Methylation	Methylation Beta Value	TCGA-BRCA	TCGA-BH-A0DE	TCGA-BH-A0DE-01A	Primary Tumor
9d634f0e-4c36-420c-a624-bf89e6c9aaab	94c367f5-e0b3-4afb-a2cf-049f13adc394.methylation_array.sesame.level3betas.txt	DNA Methylation	Methylation Beta Value	TCGA-BRCA	TCGA-D8-A141	TCGA-D8-A141-01A	Primary Tumor
acf29ddd-9501-40e1-993b-fd52391dc7aa	4e87c181-ab1d-424f-afbe-4e5fb97b2569.methylation_array.sesame.level3betas.txt	DNA Methylation	Methylation Beta Value	TCGA-BRCA	TCGA-AN-A0AS	TCGA-AN-A0AS-01A	Primary Tumor
fad527b1-0c9c-4036-850e-bb9aee640735	9417f113-47ef-420d-9d7f-9db2eb4b4872.methylation_array.sesame.level3betas.txt	DNA Methylation	Methylation Beta Value	TCGA-BRCA	TCGA-D8-A13Z	TCGA-D8-A13Z-01A	Primary Tumor
b095b8fb-41ff-44e4-93e9-5cae9c50a9d4	d301f839-a668-44e1-a502-08c2363c71d1.methylation_array.sesame.level3betas.txt	DNA Methylation	Methylation Beta Value	TCGA-BRCA	TCGA-A8-A082	TCGA-A8-A082-01A	Primary Tumor
9780161f-657f-411d-9766-4066696d42e6	38702846-f6ee-4e84-aee5-c3e0cc9d0f06.methylation_array.sesame.level3betas.txt	DNA Methylation	Methylation Beta Value	TCGA-BRCA	TCGA-D8-A142	TCGA-D8-A142-01A	Primary Tumor
7ea43ca3-04be-4824-969f-3cbabe303e59	41871155-dae9-4cf2-813d-29132c187cd9.methylation_array.sesame.level3betas.txt	DNA Methylation	Methylation Beta Value	TCGA-BRCA	TCGA-A2-A04P	TCGA-A2-A04P-01A	Primary Tumor
0b4dd45a-0197-43b3-b9f3-8b7838c76a42	6a6412a8-cec9-4c13-8698-a24b45c9a9e5.methylation_array.sesame.level3betas.txt	DNA Methylation	Methylation Beta Value	TCGA-BRCA	TCGA-AN-A0FW	TCGA-AN-A0FW-01A	Primary Tumor
09ac4176-abdb-483b-bb9c-96417d87e63b	c8710e02-fd9e-4c3f-a27e-b41132eac988.methylation_array.sesame.level3betas.txt	DNA Methylation	Methylation Beta Value	TCGA-BRCA	TCGA-AO-A0J7	TCGA-AO-A0J7-01A	Primary Tumor
b848b02f-6d72-4b85-ab1a-3183a8bc9b67	e88f0201-1dac-4c96-bdd4-8a1d9f0671b3.methylation_array.sesame.level3betas.txt	DNA Methylation	Methylation Beta Value	TCGA-BRCA	TCGA-AN-A0AJ	TCGA-AN-A0AJ-01A	Primary Tumor
2edb4f9f-c865-4b5a-aa91-db6b0b9680ea	40f6614e-332e-449c-9615-0710f0dffbee.methylation_array.sesame.level3betas.txt	DNA Methylation	Methylation Beta Value	TCGA-BRCA	TCGA-A2-A0CU	TCGA-A2-A0CU-01A	Primary Tumor
ced44f58-0064-4fd8-8c5d-dd2627fdc285	fa512622-dbc8-4eed-9862-e070c95cde56.methylation_array.sesame.level3betas.txt	DNA Methylation	Methylation Beta Value	TCGA-BRCA	TCGA-C8-A135	TCGA-C8-A135-01A	Primary Tumor
69030cc1-66be-4770-a0f3-74b9306c85cb	05c73d09-cd3f-49b8-9cfa-60ed07f85978.methylation_array.sesame.level3betas.txt	DNA Methylation	Methylation Beta Value	TCGA-BRCA	TCGA-A8-A09D	TCGA-A8-A09D-01A	Primary Tumor
37ef37eb-f5ae-4b69-929c-8d3895a1044e	ff42fcd7-0dfc-4e77-a3d1-f192194a0730.methylation_array.sesame.level3betas.txt	DNA Methylation	Methylation Beta Value	TCGA-BRCA	TCGA-A8-A09G	TCGA-A8-A09G-01A	Primary Tumor
8f64343a-fb7e-4d9d-a230-85483841b1ba	a70bf9be-703e-43e1-aa98-701d9bf87775.methylation_array.sesame.level3betas.txt	DNA Methylation	Methylation Beta Value	TCGA-BRCA	TCGA-BH-A0BR	TCGA-BH-A0BR-01A	Primary Tumor
ca4714f5-b0fa-4b71-857b-87d87766f5f9	7938b1c0-06f9-4cac-bb10-3fbb30437660.methylation_array.sesame.level3betas.txt	DNA Methylation	Methylation Beta Value	TCGA-BRCA	TCGA-AN-A049	TCGA-AN-A049-01A	Primary Tumor
e0b8534f-856b-4bc4-a970-e947fa2d643e	ef9cdb50-2046-46a5-8864-28c4f8e69c4f.methylation_array.sesame.level3betas.txt	DNA Methylation	Methylation Beta Value	TCGA-BRCA	TCGA-AN-A041	TCGA-AN-A041-01A	Primary Tumor
3adfca2c-f33c-4fcb-9ae4-87b13c056be7	d18e09a5-5ab4-44fc-ae12-624c7929d9d8.methylation_array.sesame.level3betas.txt	DNA Methylation	Methylation Beta Value	TCGA-BRCA	TCGA-A8-A079	TCGA-A8-A079-01A	Primary Tumor
a3c7d82d-357d-4faf-8366-9b03600c6b1d	73c6d2b5-8329-4a75-a5d6-960950c84236.methylation_array.sesame.level3betas.txt	DNA Methylation	Methylation Beta Value	TCGA-BRCA	TCGA-AN-A0FV	TCGA-AN-A0FV-01A	Primary Tumor
7a4a5192-3f01-442e-ae1a-015eff6fb8ac	ee16a10b-11e6-4846-9f8c-59d8d6be9faa.methylation_array.sesame.level3betas.txt	DNA Methylation	Methylation Beta Value	TCGA-BRCA	TCGA-AN-A04A	TCGA-AN-A04A-01A	Primary Tumor
1b169c63-7835-4440-9230-01475fdb2a1b	25f877b6-9ece-4007-902a-e012740f2022.methylation_array.sesame.level3betas.txt	DNA Methylation	Methylation Beta Value	TCGA-BRCA	TCGA-AN-A03X	TCGA-AN-A03X-01A	Primary Tumor
3d710cad-3b71-4a92-9c5c-46479f7a8a90	93cf48f1-6c4a-40bf-b097-4ecae92d5c66.methylation_array.sesame.level3betas.txt	DNA Methylation	Methylation Beta Value	TCGA-BRCA	TCGA-AO-A0J4	TCGA-AO-A0J4-01A	Primary Tumor
00c656d5-afb4-475e-aada-81ed728c42e4	ee2026e1-ac8e-420b-ab7f-9aa12b334875.methylation_array.sesame.level3betas.txt	DNA Methylation	Methylation Beta Value	TCGA-BRCA	TCGA-A8-A090	TCGA-A8-A090-01A	Primary Tumor
d39b9941-8b98-4cd6-b3bd-cfeb83287695	1b9a76f3-dc36-47b1-9b64-04ccf2a3b663.methylation_array.sesame.level3betas.txt	DNA Methylation	Methylation Beta Value	TCGA-BRCA	TCGA-A8-A08X	TCGA-A8-A08X-01A	Primary Tumor
ca3e36a0-3b46-4ef7-979d-7681c36b06f3	a3637c1a-a1ef-438e-af50-03d0b49fd7bf.methylation_array.sesame.level3betas.txt	DNA Methylation	Methylation Beta Value	TCGA-BRCA	TCGA-BH-A18R	TCGA-BH-A18R-01A	Primary Tumor
fcf32c0d-c2b4-4872-90bc-cf6055ae73e6	9bcdef99-4777-4410-984b-73ee0ac0cb8d.methylation_array.sesame.level3betas.txt	DNA Methylation	Methylation Beta Value	TCGA-BRCA	TCGA-A2-A0CM	TCGA-A2-A0CM-01A	Primary Tumor
72bec626-bf97-4229-919e-4e5f750fd2aa	a064a0cd-4d25-46c4-8637-1e4da88d8ae0.methylation_array.sesame.level3betas.txt	DNA Methylation	Methylation Beta Value	TCGA-BRCA	TCGA-A8-A099	TCGA-A8-A099-01A	Primary Tumor
91aeb00c-a4ce-4950-b58a-6a80994397cd	5d40492c-a193-46e9-813c-1a965f2d7cba.methylation_array.sesame.level3betas.txt	DNA Methylation	Methylation Beta Value	TCGA-BRCA	TCGA-A7-A0DB	TCGA-A7-A0DB-01A	Primary Tumor
67e3365c-02cb-424a-a362-3d19db26dc4a	44d444b8-4a52-4859-8de7-feaadac46531.methylation_array.sesame.level3betas.txt	DNA Methylation	Methylation Beta Value	TCGA-BRCA	TCGA-E2-A158	TCGA-E2-A158-01A	Primary Tumor
59aade5c-d064-46f1-b09d-b82a363c1069	853d5608-ccac-462e-b9fd-407df0cc96f7.methylation_array.sesame.level3betas.txt	DNA Methylation	Methylation Beta Value	TCGA-BRCA	TCGA-E2-A152	TCGA-E2-A152-01A	Primary Tumor
e1ac32e0-23ce-496b-a96e-52cebc1ab00c	a415eb90-0df1-4f27-8a44-9ff75da80567.methylation_array.sesame.level3betas.txt	DNA Methylation	Methylation Beta Value	TCGA-BRCA	TCGA-BH-A0BP	TCGA-BH-A0BP-01A	Primary Tumor
eed42a89-b8ab-43fe-b776-0e1fe96ec799	21072b6a-fd80-4886-87a9-68a074a80ac6.methylation_array.sesame.level3betas.txt	DNA Methylation	Methylation Beta Value	TCGA-BRCA	TCGA-B6-A0RH	TCGA-B6-A0RH-01A	Primary Tumor
ecd26a9e-c330-4c2f-a3f3-8decc99cb46d	0a96b29f-218b-43c2-b5e0-b28979744ea7.methylation_array.sesame.level3betas.txt	DNA Methylation	Methylation Beta Value	TCGA-BRCA	TCGA-A1-A0SD	TCGA-A1-A0SD-01A	Primary Tumor
cab0886d-3103-494e-96c8-b3c4ff1cd7fe	88a45253-0d80-4190-82c3-1587180f6612.methylation_array.sesame.level3betas.txt	DNA Methylation	Methylation Beta Value	TCGA-BRCA	TCGA-D8-A147	TCGA-D8-A147-01A	Primary Tumor
af9b2dd0-6717-4b41-a55f-e394641e6cd5	82279cae-423a-487b-89b8-069dbd28c3a1.methylation_array.sesame.level3betas.txt	DNA Methylation	Methylation Beta Value	TCGA-BRCA	TCGA-A8-A09Z	TCGA-A8-A09Z-01A	Primary Tumor
11ba1a78-2161-4493-85ab-ef419533475d	474b990e-c453-4f83-9f5f-f3d14ccbd525.methylation_array.sesame.level3betas.txt	DNA Methylation	Methylation Beta Value	TCGA-BRCA	TCGA-C8-A12O	TCGA-C8-A12O-01A	Primary Tumor
3c3c3416-8294-49bc-a445-d4a9f4cc220d	6cc37a30-f3cf-47b3-9c4f-69e29a0c42d9.methylation_array.sesame.level3betas.txt	DNA Methylation	Methylation Beta Value	TCGA-BRCA	TCGA-BH-A18F	TCGA-BH-A18F-01A	Primary Tumor
50c2b35d-fb90-4035-8ca5-4f227e2cb914	10275c98-d601-4667-86fa-00534ed85ca0.methylation_array.sesame.level3betas.txt	DNA Methylation	Methylation Beta Value	TCGA-BRCA	TCGA-A8-A08T	TCGA-A8-A08T-01A	Primary Tumor
cf90a035-73a4-4625-9ab5-62add5dea98d	2d83ba71-3331-4b80-bac4-8cffe6a962ce.methylation_array.sesame.level3betas.txt	DNA Methylation	Methylation Beta Value	TCGA-BRCA	TCGA-AN-A04D	TCGA-AN-A04D-01A	Primary Tumor
c67d2a97-a739-4253-b4b1-60605bc6e04d	811a04c8-a96d-470d-a75e-44f0ca454ee1.methylation_array.sesame.level3betas.txt	DNA Methylation	Methylation Beta Value	TCGA-BRCA	TCGA-A2-A0D3	TCGA-A2-A0D3-01A	Primary Tumor
1a6dc429-ec64-4d9c-b0a9-4ae0805147a9	8ce9c674-995f-4528-9953-6ae2667da8ba.methylation_array.sesame.level3betas.txt	DNA Methylation	Methylation Beta Value	TCGA-BRCA	TCGA-AO-A12D	TCGA-AO-A12D-01A	Primary Tumor
787f2f98-b474-4c62-9d9e-0bb235c3699a	7ab2286b-ac54-4251-a329-d5a589aa8ca6.methylation_array.sesame.level3betas.txt	DNA Methylation	Methylation Beta Value	TCGA-BRCA	TCGA-AO-A03R	TCGA-AO-A03R-01A	Primary Tumor
c376828d-af9c-4fa8-9301-35e120b92858	fb37b2d7-5b80-4421-8b22-7292137ad798.methylation_array.sesame.level3betas.txt	DNA Methylation	Methylation Beta Value	TCGA-BRCA	TCGA-AN-A0FK	TCGA-AN-A0FK-01A	Primary Tumor
3b01c507-f06d-4f0b-a219-c9b6daf3c9f4	688d3002-f062-40bf-9418-ecf86dafceb8.methylation_array.sesame.level3betas.txt	DNA Methylation	Methylation Beta Value	TCGA-BRCA	TCGA-E2-A154	TCGA-E2-A154-01A	Primary Tumor
cb30aa43-12b5-40db-a66d-d0584e463fe2	a1ff9e4d-d17c-42bb-be4d-a4741e7c2e67.methylation_array.sesame.level3betas.txt	DNA Methylation	Methylation Beta Value	TCGA-BRCA	TCGA-BH-A0H5	TCGA-BH-A0H5-01A	Primary Tumor
3ec75622-c485-4673-b9fd-d5e85ebb117b	48d16277-8144-41d4-bc93-39807545bb54.methylation_array.sesame.level3betas.txt	DNA Methylation	Methylation Beta Value	TCGA-BRCA	TCGA-BH-A18J	TCGA-BH-A18J-01A	Primary Tumor
444d1eb0-a5d2-49ae-bf2b-5a78c5c44dd4	d105447d-b72e-4fd3-8894-10bc6fca8bbd.methylation_array.sesame.level3betas.txt	DNA Methylation	Methylation Beta Value	TCGA-BRCA	TCGA-A8-A09V	TCGA-A8-A09V-01A	Primary Tumor
cf8a9d2e-0967-453d-9de9-8140b1d4afda	a3dad6d1-c405-4458-b5d2-63da84596781.methylation_array.sesame.level3betas.txt	DNA Methylation	Methylation Beta Value	TCGA-BRCA	TCGA-BH-A18H	TCGA-BH-A18H-01A	Primary Tumor
a099690a-23d9-4b0c-b033-c2eef296bbce	19d539d7-e9ed-42c4-b374-e8cd4798b30e.methylation_array.sesame.level3betas.txt	DNA Methylation	Methylation Beta Value	TCGA-BRCA	TCGA-E2-A14P	TCGA-E2-A14P-01A	Primary Tumor
785e9ae2-e49a-448a-bab5-829399012d8d	07dfc30e-a9b4-4e97-a350-da4a1017509e.methylation_array.sesame.level3betas.txt	DNA Methylation	Methylation Beta Value	TCGA-BRCA	TCGA-A8-A07L	TCGA-A8-A07L-01A	Primary Tumor
85e3cec3-d608-44f3-a636-6e5311c28184	b2e4b36d-3328-487b-921c-fa9a8fa5dd4f.methylation_array.sesame.level3betas.txt	DNA Methylation	Methylation Beta Value	TCGA-BRCA	TCGA-D8-A140	TCGA-D8-A140-01A	Primary Tumor
a5379195-3b15-41a2-a571-0ad5f3da0b69	d9ca8536-f4cd-4628-8eda-ab5bc120adc1.methylation_array.sesame.level3betas.txt	DNA Methylation	Methylation Beta Value	TCGA-BRCA	TCGA-C8-A12P	TCGA-C8-A12P-01A	Primary Tumor
6ca2f5c4-6126-4903-98ec-128e9becc933	0b72e9a1-c5f8-4386-b4ea-013a32025344.methylation_array.sesame.level3betas.txt	DNA Methylation	Methylation Beta Value	TCGA-BRCA	TCGA-A8-A09A	TCGA-A8-A09A-01A	Primary Tumor
a8d42d5b-d63b-45d0-acb9-1c936bc34de0	446a949e-8d9b-4403-8fd9-ad15fc0309bf.methylation_array.sesame.level3betas.txt	DNA Methylation	Methylation Beta Value	TCGA-BRCA	TCGA-A8-A07B	TCGA-A8-A07B-01A	Primary Tumor
57669a34-e1d8-4edc-8475-bdb49384bdaf	74115595-99bc-4ded-89c7-6e9223cf328c.methylation_array.sesame.level3betas.txt	DNA Methylation	Methylation Beta Value	TCGA-BRCA	TCGA-A2-A04T	TCGA-A2-A04T-01A	Primary Tumor
0d8cf5ce-92ba-40ab-a817-a33ff1b5262b	a3e9fb8f-9d75-4c06-a9cc-53a14633e55b.methylation_array.sesame.level3betas.txt	DNA Methylation	Methylation Beta Value	TCGA-BRCA	TCGA-BH-A18M	TCGA-BH-A18M-01A	Primary Tumor
682157ef-9665-40d6-ac43-0b891d9dae86	f05edfc6-26c7-450e-8007-fe862e7c2582.methylation_array.sesame.level3betas.txt	DNA Methylation	Methylation Beta Value	TCGA-BRCA	TCGA-AO-A0J6	TCGA-AO-A0J6-01A	Primary Tumor
5f71ba1b-dee1-4f37-9311-681b1f1efbbc	e2da3324-b8b2-4599-83e1-c11a8d7b64d1.methylation_array.sesame.level3betas.txt	DNA Methylation	Methylation Beta Value	TCGA-BRCA	TCGA-AN-A0AR	TCGA-AN-A0AR-01A	Primary Tumor
170e2b88-caeb-45c2-b5f0-79bcb90e0231	3c727e9c-b312-4cda-9765-685746d47e03.methylation_array.sesame.level3betas.txt	DNA Methylation	Methylation Beta Value	TCGA-BRCA	TCGA-E2-A156	TCGA-E2-A156-01A	Primary Tumor
52348c4d-9cfe-4086-8ead-a6a7b7501d51	263a3f76-9f1b-495a-958c-e1cf1331040e.methylation_array.sesame.level3betas.txt	DNA Methylation	Methylation Beta Value	TCGA-BRCA	TCGA-AO-A03P	TCGA-AO-A03P-01A	Primary Tumor
d540e123-36ac-48c3-8369-793d66b4316c	ef9c36ab-b3d8-4174-b297-b898c99b0af6.methylation_array.sesame.level3betas.txt	DNA Methylation	Methylation Beta Value	TCGA-BRCA	TCGA-AN-A03Y	TCGA-AN-A03Y-01A	Primary Tumor
f611a7e5-4203-4abf-8a76-a2417b59c733	29a32776-5cf2-46a5-95af-b589c5d8ecd9.methylation_array.sesame.level3betas.txt	DNA Methylation	Methylation Beta Value	TCGA-BRCA	TCGA-BH-A0C1	TCGA-BH-A0C1-01B	Primary Tumor
db92dd78-e311-4fde-90ae-bfdf953c7077	ae2252f8-3dca-41b2-82b9-7dc940b58977.methylation_array.sesame.level3betas.txt	DNA Methylation	Methylation Beta Value	TCGA-BRCA	TCGA-BH-A0EE	TCGA-BH-A0EE-01A	Primary Tumor
5e2fd07c-de3b-4a87-bd8b-ae7d56f6323f	6b5d7f5d-321a-4389-a4c1-1f35c8458b5f.methylation_array.sesame.level3betas.txt	DNA Methylation	Methylation Beta Value	TCGA-BRCA	TCGA-AN-A0FN	TCGA-AN-A0FN-01A	Primary Tumor
c18d6156-101d-45b5-ba15-345b9641cbc3	17f25c6e-d2b3-41e2-9db1-f0716b756e63.methylation_array.sesame.level3betas.txt	DNA Methylation	Methylation Beta Value	TCGA-BRCA	TCGA-A8-A086	TCGA-A8-A086-01A	Primary Tumor
2039040f-f151-4c1b-b6dd-e15fec52ef9c	20ad4de5-be7e-4d45-83f5-e34c47e48009.methylation_array.sesame.level3betas.txt	DNA Methylation	Methylation Beta Value	TCGA-BRCA	TCGA-E2-A14O	TCGA-E2-A14O-01A	Primary Tumor
0cb8ce0b-9920-4b0f-962b-68b102f9e6a7	0d666777-dc13-432d-99f5-50d356fa1584.methylation_array.sesame.level3betas.txt	DNA Methylation	Methylation Beta Value	TCGA-BRCA	TCGA-A2-A0CP	TCGA-A2-A0CP-01A	Primary Tumor
8478679d-bb09-4dc7-ac46-b7d3ce22c110	88ff23f0-4324-4775-ad54-0eab5c481f24.methylation_array.sesame.level3betas.txt	DNA Methylation	Methylation Beta Value	TCGA-BRCA	TCGA-BH-A0HO	TCGA-BH-A0HO-01A	Primary Tumor
79a3d595-5e2c-49ef-bc3f-27330168acdc	fc6bcd49-7d0b-4e4d-b94d-02b1e8c10e28.methylation_array.sesame.level3betas.txt	DNA Methylation	Methylation Beta Value	TCGA-BRCA	TCGA-E2-A150	TCGA-E2-A150-01A	Primary Tumor
2ca067aa-de7e-4642-b58a-68d3377d833c	57413168-782f-4f1e-b212-197d63cd05d1.methylation_array.sesame.level3betas.txt	DNA Methylation	Methylation Beta Value	TCGA-BRCA	TCGA-B6-A0I2	TCGA-B6-A0I2-01A	Primary Tumor
ef90f1dc-42eb-4a17-9338-dc3d45bca84f	5eec8474-24c1-47f4-9e36-2bf07bd45a70.methylation_array.sesame.level3betas.txt	DNA Methylation	Methylation Beta Value	TCGA-BRCA	TCGA-A2-A0CW	TCGA-A2-A0CW-01A	Primary Tumor
110f1f21-9eca-4c00-8d05-75af97b06612	c8d78390-17e8-4271-af4d-280250eed9db.methylation_array.sesame.level3betas.txt	DNA Methylation	Methylation Beta Value	TCGA-BRCA	TCGA-A2-A0D0	TCGA-A2-A0D0-01A	Primary Tumor
bd4d661a-44fd-47aa-a148-a39855c724d9	13052ab2-b5ab-464c-85fb-f231a5dfb3ec.methylation_array.sesame.level3betas.txt	DNA Methylation	Methylation Beta Value	TCGA-BRCA	TCGA-C8-A132	TCGA-C8-A132-01A	Primary Tumor
1a51d8b6-5804-40d2-a40e-b1881a164a4d	d14286db-87da-464b-9e76-a3a1e28d121f.methylation_array.sesame.level3betas.txt	DNA Methylation	Methylation Beta Value	TCGA-BRCA	TCGA-A2-A0EM	TCGA-A2-A0EM-01A	Primary Tumor
af20405c-6246-4a3c-9eb3-e795a7c95293	2a793eb5-72a6-4af1-bfb3-01907d1fcaa2.methylation_array.sesame.level3betas.txt	DNA Methylation	Methylation Beta Value	TCGA-BRCA	TCGA-A8-A08L	TCGA-A8-A08L-01A	Primary Tumor
61a0299a-d092-4486-8121-076c86c3d1d1	097de6a8-7d1a-45ab-bdc0-7bf78c74c294.methylation_array.sesame.level3betas.txt	DNA Methylation	Methylation Beta Value	TCGA-BRCA	TCGA-E2-A14Q	TCGA-E2-A14Q-01A	Primary Tumor
dbed3dd4-d7e8-4d3c-ad13-dfbb79c7e62d	c5316aec-13f5-4299-8cd9-783f777f29bb.methylation_array.sesame.level3betas.txt	DNA Methylation	Methylation Beta Value	TCGA-BRCA	TCGA-A2-A04U	TCGA-A2-A04U-01A	Primary Tumor
b213f35d-9744-4ee3-ac7b-0b3972115903	b33e5d5e-b2bb-434b-a2c8-f78424220761.methylation_array.sesame.level3betas.txt	DNA Methylation	Methylation Beta Value	TCGA-BRCA	TCGA-A8-A09R	TCGA-A8-A09R-01A	Primary Tumor
7c3eb546-1d65-4987-b2c6-86b26f4b1cd5	de0bae9c-fc3e-4a37-a936-4a3ba250cf93.methylation_array.sesame.level3betas.txt	DNA Methylation	Methylation Beta Value	TCGA-BRCA	TCGA-A8-A07C	TCGA-A8-A07C-01A	Primary Tumor
b46928ac-6f62-45d5-8fa1-a190dfe5191d	66cfa3de-1dc8-49b6-9a62-5ff0acf0d3bf.methylation_array.sesame.level3betas.txt	DNA Methylation	Methylation Beta Value	TCGA-BRCA	TCGA-BH-A0HQ	TCGA-BH-A0HQ-01A	Primary Tumor
8ec321f0-65a7-4a2e-973e-3462ba67725f	b470bb5d-828d-42b2-9188-ea53e1e01164.methylation_array.sesame.level3betas.txt	DNA Methylation	Methylation Beta Value	TCGA-BRCA	TCGA-E2-A15O	TCGA-E2-A15O-01A	Primary Tumor
a757ed1b-fbc1-4c68-bad4-c803975a8df7	ee1be616-ae51-469d-8610-438143061230.methylation_array.sesame.level3betas.txt	DNA Methylation	Methylation Beta Value	TCGA-BRCA	TCGA-BH-A0EB	TCGA-BH-A0EB-01A	Primary Tumor
29b2336c-acc2-44f9-a450-d5a01f80f4d6	5342ef26-3f52-4c2c-882a-750d29ba548e.methylation_array.sesame.level3betas.txt	DNA Methylation	Methylation Beta Value	TCGA-BRCA	TCGA-E2-A15F	TCGA-E2-A15F-01A	Primary Tumor
a189301c-8318-4e01-91e0-4f9f67806e1a	9785587d-1f21-476b-9a31-ba6d9a0e7974.methylation_array.sesame.level3betas.txt	DNA Methylation	Methylation Beta Value	TCGA-BRCA	TCGA-A8-A06R	TCGA-A8-A06R-01A	Primary Tumor
7dc15f1d-8ee4-430e-be27-3c62d07a5d4a	32637f12-8f98-407d-b9f9-9e0d15edf500.methylation_array.sesame.level3betas.txt	DNA Methylation	Methylation Beta Value	TCGA-BRCA	TCGA-B6-A0RQ	TCGA-B6-A0RQ-01A	Primary Tumor
dac979cd-a28c-48a2-804e-8ca688a4a5d6	676a5427-cb0e-436b-a35f-1917d6936abb.methylation_array.sesame.level3betas.txt	DNA Methylation	Methylation Beta Value	TCGA-BRCA	TCGA-A2-A0CX	TCGA-A2-A0CX-01A	Primary Tumor
cedf7436-8b09-4cab-a793-206d910c9a5a	b9c65858-604c-4e37-ae66-1b72c4af5035.methylation_array.sesame.level3betas.txt	DNA Methylation	Methylation Beta Value	TCGA-BRCA	TCGA-E2-A15D	TCGA-E2-A15D-01A	Primary Tumor
ff83ac32-c072-42dc-bd53-7e0b13223f36	0007e90d-3186-4967-905c-22aa24049d44.methylation_array.sesame.level3betas.txt	DNA Methylation	Methylation Beta Value	TCGA-BRCA	TCGA-A8-A0A7	TCGA-A8-A0A7-01A	Primary Tumor
86bad0bf-2876-4a1b-ac75-38d47b2f3834	a5b2eb51-c105-4612-9391-cfc9ff39b3b2.methylation_array.sesame.level3betas.txt	DNA Methylation	Methylation Beta Value	TCGA-BRCA	TCGA-C8-A12N	TCGA-C8-A12N-01A	Primary Tumor
afa4d3ab-0901-4676-b7ce-cc87c6e1e425	f953c835-697b-4758-a98f-829b420fb373.methylation_array.sesame.level3betas.txt	DNA Methylation	Methylation Beta Value	TCGA-BRCA	TCGA-A8-A08A	TCGA-A8-A08A-01A	Primary Tumor
6a6256d4-d59a-4570-a001-5e792da72f13	6e3e66e8-dfdd-4879-87d2-8663203d9921.methylation_array.sesame.level3betas.txt	DNA Methylation	Methylation Beta Value	TCGA-BRCA	TCGA-C8-A12U	TCGA-C8-A12U-01A	Primary Tumor
6c59ea11-a2d3-419e-a281-84c0f3f0faf2	f82b3de1-58a4-47b7-bf32-388098bba46f.methylation_array.sesame.level3betas.txt	DNA Methylation	Methylation Beta Value	TCGA-BRCA	TCGA-A8-A094	TCGA-A8-A094-01A	Primary Tumor
a5ba0826-cb02-4247-815c-de4ea8c56180	a6b7927f-f3c4-467b-bc91-3a6fe7f86fc4.methylation_array.sesame.level3betas.txt	DNA Methylation	Methylation Beta Value	TCGA-BRCA	TCGA-AQ-A04J	TCGA-AQ-A04J-01A	Primary Tumor
dac7cdb6-520c-478e-a6c2-89ae3c16c8e7	062ca805-bac4-4f3d-98dc-92c03f8996c0.methylation_array.sesame.level3betas.txt	DNA Methylation	Methylation Beta Value	TCGA-BRCA	TCGA-C8-A12Z	TCGA-C8-A12Z-01A	Primary Tumor
ad17a62a-b4ae-41c2-ad92-625c1e69dea9	b6d49850-d282-4322-a5e1-eceb502050bb.methylation_array.sesame.level3betas.txt	DNA Methylation	Methylation Beta Value	TCGA-BRCA	TCGA-C8-A133	TCGA-C8-A133-01A	Primary Tumor
4ef6638a-8dc2-482d-9564-81d085b1bd87	c1012eca-ffe1-4580-8760-a6212c7fa88b.methylation_array.sesame.level3betas.txt	DNA Methylation	Methylation Beta Value	TCGA-BRCA	TCGA-E2-A155	TCGA-E2-A155-01A	Primary Tumor
58c5af27-a636-4bdf-86e8-09ed60cd5fd4	90454a2d-7a76-43ec-9865-c6e847c249bc.methylation_array.sesame.level3betas.txt	DNA Methylation	Methylation Beta Value	TCGA-BRCA	TCGA-C8-A134	TCGA-C8-A134-01A	Primary Tumor
5c90b705-33f1-44fb-9a95-f1b848e3c12b	f418234d-8faf-4959-b087-f28de119193b.methylation_array.sesame.level3betas.txt	DNA Methylation	Methylation Beta Value	TCGA-BRCA	TCGA-AN-A0FD	TCGA-AN-A0FD-01A	Primary Tumor
f9e8681d-21c0-4ba3-83f0-332bd759ec5c	565188cc-c642-4794-887b-a8aa2720da56.methylation_array.sesame.level3betas.txt	DNA Methylation	Methylation Beta Value	TCGA-BRCA	TCGA-E2-A15R	TCGA-E2-A15R-01A	Primary Tumor
d8597ee9-bb08-43f2-9552-05f2378476cd	28f38d16-264d-476d-8387-beb26b5944cf.methylation_array.sesame.level3betas.txt	DNA Methylation	Methylation Beta Value	TCGA-BRCA	TCGA-AN-A0FF	TCGA-AN-A0FF-01A	Primary Tumor
79369d09-2292-46eb-86fe-bc649968befa	26bf8794-67fc-4e56-8264-05437a996f91.methylation_array.sesame.level3betas.txt	DNA Methylation	Methylation Beta Value	TCGA-BRCA	TCGA-A8-A095	TCGA-A8-A095-01A	Primary Tumor
68788ff0-4e88-45ac-8c53-3cbb0003b7a2	4a966eae-cc25-40fc-812d-746a06ae1bbf.methylation_array.sesame.level3betas.txt	DNA Methylation	Methylation Beta Value	TCGA-BRCA	TCGA-C8-A12Y	TCGA-C8-A12Y-01A	Primary Tumor
70b59635-9187-4709-af5e-9a19d9e075c8	f71cb25b-0b08-4ad2-80dc-31cde24b195a.methylation_array.sesame.level3betas.txt	DNA Methylation	Methylation Beta Value	TCGA-BRCA	TCGA-A2-A0ET	TCGA-A2-A0ET-01A	Primary Tumor
b146c3c0-9c8b-4fb0-8a71-36d680b0e697	5bec1076-5df1-4310-9a8c-659d28292d76.methylation_array.sesame.level3betas.txt	DNA Methylation	Methylation Beta Value	TCGA-BRCA	TCGA-A2-A0EO	TCGA-A2-A0EO-01A	Primary Tumor
66f77012-d765-42c4-b5ea-4aab532188cf	02f2830f-bc3c-499b-b991-91b84181e1ed.methylation_array.sesame.level3betas.txt	DNA Methylation	Methylation Beta Value	TCGA-BRCA	TCGA-A8-A08I	TCGA-A8-A08I-01A	Primary Tumor
89c71d54-b2a7-468f-b96e-e741b3093e4f	ce81c585-bbb6-42f9-a4f0-222f29fee2b1.methylation_array.sesame.level3betas.txt	DNA Methylation	Methylation Beta Value	TCGA-BRCA	TCGA-A2-A0CQ	TCGA-A2-A0CQ-01A	Primary Tumor
e881c84a-c04f-4463-8202-aad487ac0fac	593f41a8-a494-4722-b022-d4855e5b8398.methylation_array.sesame.level3betas.txt	DNA Methylation	Methylation Beta Value	TCGA-BRCA	TCGA-BH-A0BQ	TCGA-BH-A0BQ-01A	Primary Tumor
f627960a-60eb-4208-a58a-9d4dd802d977	a840ad84-0bf1-4e29-9b26-231b94cddb2d.methylation_array.sesame.level3betas.txt	DNA Methylation	Methylation Beta Value	TCGA-BRCA	TCGA-BH-A18T	TCGA-BH-A18T-01A	Primary Tumor
732fb50d-cfa2-4450-8b71-f44debdda5af	03d47deb-b256-43a4-a3a7-cbf971ab5e86.methylation_array.sesame.level3betas.txt	DNA Methylation	Methylation Beta Value	TCGA-BRCA	TCGA-E2-A14S	TCGA-E2-A14S-01A	Primary Tumor
dbca9fcf-bacc-4f63-a91c-fb71cb5b8945	cb2f86e9-da62-496d-acac-9cdfd90b5dcb.methylation_array.sesame.level3betas.txt	DNA Methylation	Methylation Beta Value	TCGA-BRCA	TCGA-A8-A06N	TCGA-A8-A06N-01A	Primary Tumor
49fb5bbf-a4e9-4808-9b26-5cf54e80e198	2f79bace-d26e-4929-9ef2-722229c5de95.methylation_array.sesame.level3betas.txt	DNA Methylation	Methylation Beta Value	TCGA-BRCA	TCGA-BH-A0BL	TCGA-BH-A0BL-01A	Primary Tumor
1cedd794-6320-4c2e-afb9-7ca97428768c	de320d9b-50c9-4d8c-84b9-8ad7ef5a3643.methylation_array.sesame.level3betas.txt	DNA Methylation	Methylation Beta Value	TCGA-BRCA	TCGA-A2-A0EY	TCGA-A2-A0EY-01A	Primary Tumor
ca1a5f10-e850-4194-a2c5-c0f71e66c401	209ef313-d8e8-4527-a9ba-231701c08a7c.methylation_array.sesame.level3betas.txt	DNA Methylation	Methylation Beta Value	TCGA-BRCA	TCGA-AN-A046	TCGA-AN-A046-01A	Primary Tumor
21fa263f-875e-40ad-8508-859b75890601	901b2b17-0430-4a15-88e8-224a00c0946c.methylation_array.sesame.level3betas.txt	DNA Methylation	Methylation Beta Value	TCGA-BRCA	TCGA-BH-A18G	TCGA-BH-A18G-01A	Primary Tumor
588f9f2f-3404-4929-9a23-e2c461d8d230	0c29517c-8763-4cc0-8acc-32d24d209f26.methylation_array.sesame.level3betas.txt	DNA Methylation	Methylation Beta Value	TCGA-BRCA	TCGA-A8-A07R	TCGA-A8-A07R-01A	Primary Tumor
165b6e80-0d55-44d8-93d7-2481a645762a	b51db834-a132-466a-b329-182f64066529.methylation_array.sesame.level3betas.txt	DNA Methylation	Methylation Beta Value	TCGA-BRCA	TCGA-E2-A15S	TCGA-E2-A15S-01A	Primary Tumor
d450d609-223f-4536-b4f8-14eb55c7f22e	50bc1df8-87e9-4ed3-b9c7-589145f95b37.methylation_array.sesame.level3betas.txt	DNA Methylation	Methylation Beta Value	TCGA-BRCA	TCGA-E2-A15A	TCGA-E2-A15A-01A	Primary Tumor
851518a4-789d-4030-896b-02753a0ee22c	231b3be8-60ee-4ecf-8beb-f9606376ecb4.methylation_array.sesame.level3betas.txt	DNA Methylation	Methylation Beta Value	TCGA-BRCA	TCGA-A7-A0CH	TCGA-A7-A0CH-01A	Primary Tumor
16d16b2f-32f8-4d93-be29-a3ce845338b3	8c40c51b-d016-4b35-8b2e-4349f5d7d6cf.methylation_array.sesame.level3betas.txt	DNA Methylation	Methylation Beta Value	TCGA-BRCA	TCGA-C8-A12W	TCGA-C8-A12W-01A	Primary Tumor
20e64733-e38a-455f-afe3-d920985fcd25	7c81b5ea-1d42-4938-b6ad-5d078866d52f.methylation_array.sesame.level3betas.txt	DNA Methylation	Methylation Beta Value	TCGA-BRCA	TCGA-BH-A18N	TCGA-BH-A18N-01A	Primary Tumor
93e203c9-8b05-428b-94e6-e2cf609ce00b	a0a8da08-b161-43d5-83dd-23079b352a5f.methylation_array.sesame.level3betas.txt	DNA Methylation	Methylation Beta Value	TCGA-BRCA	TCGA-BH-A18V	TCGA-BH-A18V-01A	Primary Tumor
fb277af0-b930-4858-b9d3-20763abb3dbb	608133e8-66bb-48ba-8b0e-3533a8d28472.methylation_array.sesame.level3betas.txt	DNA Methylation	Methylation Beta Value	TCGA-BRCA	TCGA-AN-A0FS	TCGA-AN-A0FS-01A	Primary Tumor
cf47b400-d5e0-4f1c-9bda-ee09cb79d4ee	0babde73-47e1-4a68-9b0a-4c703c3c8429.methylation_array.sesame.level3betas.txt	DNA Methylation	Methylation Beta Value	TCGA-BRCA	TCGA-A2-A04W	TCGA-A2-A04W-01A	Primary Tumor
53f954b0-f075-4949-b026-2c34d70358fa	15c5c121-3ad1-4fb7-83ed-040a5987a980.methylation_array.sesame.level3betas.txt	DNA Methylation	Methylation Beta Value	TCGA-BRCA	TCGA-A8-A07Z	TCGA-A8-A07Z-01A	Primary Tumor
d7761f99-77de-4ec1-ad0a-4dccdf7c5a44	313a0670-ba09-4d09-8a32-5574c7a575b9.methylation_array.sesame.level3betas.txt	DNA Methylation	Methylation Beta Value	TCGA-BRCA	TCGA-AN-A0AT	TCGA-AN-A0AT-01A	Primary Tumor
0fa253b2-1536-4790-b545-5129c4c80bd3	af65f3db-eb49-4850-9ee7-cfc8acd0969c.methylation_array.sesame.level3betas.txt	DNA Methylation	Methylation Beta Value	TCGA-BRCA	TCGA-A2-A0T3	TCGA-A2-A0T3-01A	Primary Tumor
7f1fa683-7b97-4455-8a81-512380f3fc38	4406be42-7542-48fb-a4ba-daedb867d839.methylation_array.sesame.level3betas.txt	DNA Methylation	Methylation Beta Value	TCGA-BRCA	TCGA-A2-A0D1	TCGA-A2-A0D1-01A	Primary Tumor
9976132f-8478-48f8-aacc-039b1e08a650	11faabbd-e1ce-4bdf-a569-21675c6b15f3.methylation_array.sesame.level3betas.txt	DNA Methylation	Methylation Beta Value	TCGA-BRCA	TCGA-A8-A0A4	TCGA-A8-A0A4-01A	Primary Tumor
17367060-ba09-4fe4-8e46-1e21756b9b75	06163416-894d-4d59-b867-c7e7606b1fde.methylation_array.sesame.level3betas.txt	DNA Methylation	Methylation Beta Value	TCGA-BRCA	TCGA-B6-A0X0	TCGA-B6-A0X0-01A	Primary Tumor
e7556f82-f024-4ae7-97e9-9b641c59f15a	ce59795f-cc79-435f-bc74-fec3b915b9e9.methylation_array.sesame.level3betas.txt	DNA Methylation	Methylation Beta Value	TCGA-BRCA	TCGA-BH-A18K	TCGA-BH-A18K-01A	Primary Tumor
6b74028e-808f-4075-8f85-9e609696c52f	ac447df4-1153-4027-a488-0e38dfe8da30.methylation_array.sesame.level3betas.txt	DNA Methylation	Methylation Beta Value	TCGA-BRCA	TCGA-AR-A0U1	TCGA-AR-A0U1-01A	Primary Tumor
d184d29d-f7a8-4247-9eb6-df86e1c17e96	21cdc080-bc6b-42c2-b256-5c7404baa405.methylation_array.sesame.level3betas.txt	DNA Methylation	Methylation Beta Value	TCGA-BRCA	TCGA-D8-A13Y	TCGA-D8-A13Y-01A	Primary Tumor
c13ea3c6-0351-42f8-a567-ab57321d76a5	a9f63b6f-c848-44ee-bfdd-ce5ec781e7d9.methylation_array.sesame.level3betas.txt	DNA Methylation	Methylation Beta Value	TCGA-BRCA	TCGA-B6-A0WS	TCGA-B6-A0WS-01A	Primary Tumor
1624df17-cad2-440c-a160-8842619849d2	e6d2ff4a-53c8-4400-9b45-fd0b30c1b7e2.methylation_array.sesame.level3betas.txt	DNA Methylation	Methylation Beta Value	TCGA-BRCA	TCGA-E2-A14Y	TCGA-E2-A14Y-01A	Primary Tumor
7178da19-c9be-4251-bb8a-16cd35e49dfc	1aa6a507-6468-4eb1-818c-e6353bf37974.methylation_array.sesame.level3betas.txt	DNA Methylation	Methylation Beta Value	TCGA-BRCA	TCGA-B6-A0I5	TCGA-B6-A0I5-01A	Primary Tumor
5558078e-8bc8-43f1-b7f0-bda97694f6a1	bb4254c8-3d6a-4906-b858-7b9e7dfecc37.methylation_array.sesame.level3betas.txt	DNA Methylation	Methylation Beta Value	TCGA-BRCA	TCGA-A2-A0CZ	TCGA-A2-A0CZ-01A	Primary Tumor
f2b8cfe6-7d76-4e0c-801b-426261a52186	99f3b0ca-af03-491a-bb3c-12881211d111.methylation_array.sesame.level3betas.txt	DNA Methylation	Methylation Beta Value	TCGA-BRCA	TCGA-E2-A15P	TCGA-E2-A15P-01A	Primary Tumor
c6dee539-045e-4e96-b7ab-f755b7c9f9cb	ac6b394a-e67a-484d-8755-7a6099178399.methylation_array.sesame.level3betas.txt	DNA Methylation	Methylation Beta Value	TCGA-BRCA	TCGA-BH-A18P	TCGA-BH-A18P-01A	Primary Tumor
ff657700-9a2e-4355-b6b6-ff1168a05874	9724ad4c-6ca5-438e-8758-081b5a54e761.methylation_array.sesame.level3betas.txt	DNA Methylation	Methylation Beta Value	TCGA-BRCA	TCGA-E2-A15H	TCGA-E2-A15H-01A	Primary Tumor
d0eff63b-d1a1-4885-b2d6-618fd4a4e182	274cd30d-5680-4044-a8a4-8c00442c2676.methylation_array.sesame.level3betas.txt	DNA Methylation	Methylation Beta Value	TCGA-BRCA	TCGA-BH-A0DO	TCGA-BH-A0DO-01B	Primary Tumor
f3f42de8-4ecf-4098-8b7f-d69cdf8e9119	449f21e7-7e79-4439-a91e-423529ffad46.methylation_array.sesame.level3betas.txt	DNA Methylation	Methylation Beta Value	TCGA-BRCA	TCGA-AO-A0J2	TCGA-AO-A0J2-01A	Primary Tumor
e799af02-a473-414b-bcfd-dfab9b6f722b	450da7cc-31ae-4a93-b8ff-f671f8490942.methylation_array.sesame.level3betas.txt	DNA Methylation	Methylation Beta Value	TCGA-BRCA	TCGA-A8-A08Z	TCGA-A8-A08Z-01A	Primary Tumor
0a0901aa-8e60-4260-95b2-44ac505f434e	b6f93473-2a7f-4de7-9701-b150c82bdb4f.methylation_array.sesame.level3betas.txt	DNA Methylation	Methylation Beta Value	TCGA-BRCA	TCGA-BH-A0HU	TCGA-BH-A0HU-01A	Primary Tumor
2ae376d7-a1a0-4e59-874d-28a7b33562b7	e7dc66b1-6a54-46ec-8da1-ec42a60175ed.methylation_array.sesame.level3betas.txt	DNA Methylation	Methylation Beta Value	TCGA-BRCA	TCGA-BH-A0HW	TCGA-BH-A0HW-01A	Primary Tumor
72827ca1-5413-4c88-b2ac-e2dbce0998d2	cdb603eb-4ab0-487a-b9ae-ee6d0a031f04.methylation_array.sesame.level3betas.txt	DNA Methylation	Methylation Beta Value	TCGA-BRCA	TCGA-AO-A03V	TCGA-AO-A03V-01A	Primary Tumor
280accee-4d17-4c51-b684-f37c4181e3ff	e029a1c1-a71c-4457-b933-89754b7f29ab.methylation_array.sesame.level3betas.txt	DNA Methylation	Methylation Beta Value	TCGA-BRCA	TCGA-BH-A0E9	TCGA-BH-A0E9-01B	Primary Tumor
bb8f963a-36e6-4b41-900c-f43c5c638dec	1d019f1c-05ba-4d11-9738-06674b5c184e.methylation_array.sesame.level3betas.txt	DNA Methylation	Methylation Beta Value	TCGA-BRCA	TCGA-E2-A10A	TCGA-E2-A10A-01A	Primary Tumor
b0556084-83ab-4356-86f1-2c334015b001	16e1a9f5-6e85-4353-b9a5-a20f4e374c99.methylation_array.sesame.level3betas.txt	DNA Methylation	Methylation Beta Value	TCGA-BRCA	TCGA-BH-A18S	TCGA-BH-A18S-01A	Primary Tumor
853015c0-c699-44e3-af8a-19ca6d93b3df	ff90ffe2-b195-45a3-985f-237366416972.methylation_array.sesame.level3betas.txt	DNA Methylation	Methylation Beta Value	TCGA-BRCA	TCGA-C8-A12L	TCGA-C8-A12L-01A	Primary Tumor
25cf3399-4e94-4333-9ff6-9da4d2505155	29bcf89b-2cb2-45b4-947b-fac4e77fb4e1.methylation_array.sesame.level3betas.txt	DNA Methylation	Methylation Beta Value	TCGA-BRCA	TCGA-E2-A15M	TCGA-E2-A15M-01A	Primary Tumor
ca9ffd9e-b224-4dcf-9cc4-baf0f76ed2e6	ab34c000-f3e8-4f2e-b269-6632f5ef1c48.methylation_array.sesame.level3betas.txt	DNA Methylation	Methylation Beta Value	TCGA-BRCA	TCGA-A8-A07P	TCGA-A8-A07P-01A	Primary Tumor
e88d6ee6-cb0d-4ff9-b180-45d30612f0b2	57f2accf-a8e7-494e-b1ec-906af7e5ebed.methylation_array.sesame.level3betas.txt	DNA Methylation	Methylation Beta Value	TCGA-BRCA	TCGA-A8-A09W	TCGA-A8-A09W-01A	Primary Tumor
781e51cf-0ae6-4ab3-9c14-5463403e5220	bca6a516-a06a-4168-8eee-2d63d3e5fcda.methylation_array.sesame.level3betas.txt	DNA Methylation	Methylation Beta Value	TCGA-BRCA	TCGA-BH-A0DZ	TCGA-BH-A0DZ-01A	Primary Tumor
efcfa9f9-81c1-4207-b787-ecdd30925ed0	d39e213b-4e1f-4a7a-9bac-20dee7d2d8e5.methylation_array.sesame.level3betas.txt	DNA Methylation	Methylation Beta Value	TCGA-BRCA	TCGA-D8-A145	TCGA-D8-A145-01A	Primary Tumor
bad2eefd-6cc3-4c6a-abd9-d51540a2ce9d	058695c3-79cb-4325-96b0-fda729fe21ce.methylation_array.sesame.level3betas.txt	DNA Methylation	Methylation Beta Value	TCGA-BRCA	TCGA-AO-A12F	TCGA-AO-A12F-01A	Primary Tumor
a7cfb069-537a-478a-ae8c-2b3918495571	8660ce3f-4a68-4da1-be1a-93c75bb55c53.methylation_array.sesame.level3betas.txt	DNA Methylation	Methylation Beta Value	TCGA-BRCA	TCGA-A8-A07O	TCGA-A8-A07O-01A	Primary Tumor
0c7ba9f0-b4a1-4660-8816-62d817fcda9e	18d0f955-8d9b-4cf8-9cde-01d68301b1cc.methylation_array.sesame.level3betas.txt	DNA Methylation	Methylation Beta Value	TCGA-BRCA	TCGA-E2-A14T	TCGA-E2-A14T-01A	Primary Tumor
1533a91a-7955-4c0b-a338-763e15fa3888	28e06764-751f-4d97-9119-ea38ed7a4e3f.methylation_array.sesame.level3betas.txt	DNA Methylation	Methylation Beta Value	TCGA-BRCA	TCGA-BH-A0C7	TCGA-BH-A0C7-01B	Primary Tumor
d99827be-70ca-4080-a3dd-0abe6ec2572a	bb7cd55a-a50a-40a2-a779-49c12e823ea5.methylation_array.sesame.level3betas.txt	DNA Methylation	Methylation Beta Value	TCGA-BRCA	TCGA-BH-A0AY	TCGA-BH-A0AY-01A	Primary Tumor
c490a03b-8f19-48c0-9d46-63a325365b28	3d2c22a8-c817-4470-8145-c9cf79ed1368.methylation_array.sesame.level3betas.txt	DNA Methylation	Methylation Beta Value	TCGA-BRCA	TCGA-B6-A0IG	TCGA-B6-A0IG-01A	Primary Tumor
30930bd2-3812-4a89-b066-39ed3f92f282	255433e3-eabf-4e7c-ab02-6caefea1ab47.methylation_array.sesame.level3betas.txt	DNA Methylation	Methylation Beta Value	TCGA-BRCA	TCGA-A8-A092	TCGA-A8-A092-01A	Primary Tumor
a2d194af-edb8-44a6-af5a-162c73a187fa	3697b6c1-cf6f-49fe-9a26-dbccdba1b836.methylation_array.sesame.level3betas.txt	DNA Methylation	Methylation Beta Value	TCGA-BRCA	TCGA-AO-A0J3	TCGA-AO-A0J3-01A	Primary Tumor
226e9d6e-1a26-4c12-9c28-d2e3efb2e1c3	b68d2515-ce1a-480c-80fa-04aff1266f2d.methylation_array.sesame.level3betas.txt	DNA Methylation	Methylation Beta Value	TCGA-BRCA	TCGA-A7-A0DA	TCGA-A7-A0DA-01A	Primary Tumor
39c538cb-a001-41db-b06f-987e1d203189	465c6270-2bfa-410a-b282-e7cc7b7b028c.methylation_array.sesame.level3betas.txt	DNA Methylation	Methylation Beta Value	TCGA-BRCA	TCGA-A8-A091	TCGA-A8-A091-01A	Primary Tumor
b736183f-96a0-41d7-86c3-a45e772162c2	d0207ef8-9ffc-4ba5-abb2-57fac81b5c38.methylation_array.sesame.level3betas.txt	DNA Methylation	Methylation Beta Value	TCGA-BRCA	TCGA-A8-A07I	TCGA-A8-A07I-01A	Primary Tumor
57bfebc9-2e9a-4134-b70a-bf123795484b	7919dd79-9e3e-43ea-81da-cace56edfc1b.methylation_array.sesame.level3betas.txt	DNA Methylation	Methylation Beta Value	TCGA-BRCA	TCGA-A7-A0DC	TCGA-A7-A0DC-01A	Primary Tumor
30cafc55-3087-4582-81b8-504905e7fa46	7b135e51-3f69-496d-8668-bb19e2b793d8.methylation_array.sesame.level3betas.txt	DNA Methylation	Methylation Beta Value	TCGA-BRCA	TCGA-A8-A08F	TCGA-A8-A08F-01A	Primary Tumor
16be82dc-5175-473f-a632-8757da2c1ac3	55557eca-43fa-4a96-a6f9-c0e9fed9d17c.methylation_array.sesame.level3betas.txt	DNA Methylation	Methylation Beta Value	TCGA-BRCA	TCGA-A8-A06U	TCGA-A8-A06U-01A	Primary Tumor
647bd65e-1ea6-420c-97b3-671aa00359d6	ed8a8dd4-205f-4415-9c3b-cd03cba9a302.methylation_array.sesame.level3betas.txt	DNA Methylation	Methylation Beta Value	TCGA-BRCA	TCGA-B6-A0IM	TCGA-B6-A0IM-01A	Primary Tumor
