SampleID,Run_TM,TM_BAM
LODCRC6,R3596,/mnt/BACKUP_NAS05/ECDTM_repo/R3596/align/18-LODCRC6CT460T_M570-M770.deduplicated.bam
BREAST10R1,R3725,/mnt/BACKUP_NAS05/ECDTM_repo/R3724/align/75-LODBREAST10R1CT502T_M534-M734.deduplicated.bam
LODCRC3PR1,R3549,/mnt/BACKUP_NAS05/ECDTM_repo/R3549/align/47-LODCRC3PR1CT446T_M538-M738.deduplicated.bam
LODBREAST7R2,R3596,/mnt/BACKUP_NAS05/ECDTM_repo/R3596/align/32-LODBREAST7R2CT460T_M588-M788.deduplicated.bam
LODBREAST6,R3596,/mnt/BACKUP_NAS05/ECDTM_repo/R3596/align/25-LODBREAST6CT460T_M579-M779.deduplicated.bam
LODBREAST1,R3596,/mnt/BACKUP_NAS05/ECDTM_repo/R3724/align/76-LODBREAST11R1CT502T_M535-M735.deduplicated.bam
CRC7PR27,R3529,/mnt/BACKUP_NAS05/ECDTM_repo/R3529/align/80-CRC7PR27CT444T_M513-M713.deduplicated.bam
LODBREAST5,R3596,/mnt/BACKUP_NAS05/ECDTM_repo/R3596/align/24-LODBREAST5CT460T_M578-M778.deduplicated.bam
LODLUNG1,R3550,/mnt/BACKUP_NAS05/ECDTM_repo/R3724/align/33-LODLUNG10CT500T_M595-M795.deduplicated.bam
BREAST10R2,R3725,/mnt/BACKUP_NAS05/ECDTM_repo/R3725/align/117-BREAST10R2CT505T_S6576-S6776.deduplicated.bam
LODBREAST3,R3596,/mnt/GS_NAS05/ECDTM_repo/R4868/align/78-LODBREAST33R1CT671T_M506-M706.deduplicated.bam
LODBREAST7R1,R3596,/mnt/BACKUP_NAS05/ECDTM_repo/R3596/align/31-LODBREAST7R1CT460T_M587-M787.deduplicated.bam
LODCRC3,R3550,/mnt/BACKUP_NAS05/ECDTM_repo/R3550/align/35-LODCRC3CT448T_M538-M738.deduplicated.bam
LODBREAST7,R3596,/mnt/BACKUP_NAS05/ECDTM_repo/R3596/align/26-LODBREAST7CT460T_M580-M780.deduplicated.bam
LODLUNG4,R3550,/mnt/BACKUP_NAS05/ECDTM_repo/R3550/align/40-LODLUNG4CT448T_M543-M743.deduplicated.bam
LODCRC7,R3596,/mnt/BACKUP_NAS05/ECDTM_repo/R3596/align/19-LODCRC7CT460T_M571-M771.deduplicated.bam
LODLUNG3,R3550,/mnt/BACKUP_NAS05/ECDTM_repo/R4885/align/71-LODLUNG34R1CT677T_M564-M764.deduplicated.bam
CRC7PR36,R3596,/mnt/BACKUP_NAS05/ECDTM_repo/R3596/align/13-CRC7PR36CT461T_M549-M749.deduplicated.bam
LODCRC2,R3550,/mnt/BACKUP_NAS05/ECDTM_repo/R3715/align/11-LODCRC21R1CT495T_M555-M755.deduplicated.bam
LODCRC4,R3550,/mnt/BACKUP_NAS05/ECDTM_repo/R3550/align/36-LODCRC4CT448T_M539-M739.deduplicated.bam
LODBREAST6R1,R3596,/mnt/BACKUP_NAS05/ECDTM_repo/R3596/align/29-LODBREAST6R1CT460T_M585-M785.deduplicated.bam
LODCRC5,R3596,/mnt/BACKUP_NAS05/ECDTM_repo/R3596/align/17-LODCRC5CT460T_M569-M769.deduplicated.bam
LODBREAST5R2,R3596,/mnt/BACKUP_NAS05/ECDTM_repo/R3596/align/28-LODBREAST5R2CT460T_M582-M782.deduplicated.bam
LODBREAST2,R3596,/mnt/BACKUP_NAS05/ECDTM_repo/R3753/align/43-LODBREAST26R5CT505T_S6582-S6782.deduplicated.bam
LODCRC1,R3550,/mnt/BACKUP_NAS05/ECDTM_repo/R3694/align/2-LODCRC19R1CT490T_M509-M709.deduplicated.bam
LODBREAST4,R3596,/mnt/BACKUP_NAS05/ECDTM_repo/R3596/align/23-LODBREAST4CT460T_M577-M777.deduplicated.bam
LODBREAST6R2,R3596,/mnt/BACKUP_NAS05/ECDTM_repo/R3596/align/30-LODBREAST6R2CT460T_M586-M786.deduplicated.bam
LODBREAST5R1,R3596,/mnt/BACKUP_NAS05/ECDTM_repo/R3596/align/27-LODBREAST5R1CT460T_M581-M781.deduplicated.bam
LODLUNG2,R3550,/mnt/BACKUP_NAS05/ECDTM_repo/R3725/align/135-LODLUNG21R1CT506T_S6594-S6794.deduplicated.bam
LODCRC19R1,R3694,/mnt/BACKUP_NAS05/ECDTM_repo/R3694/align/2-LODCRC19R1CT490T_M509-M709.deduplicated.bam
LODLIV2R1,R3694,/mnt/BACKUP_NAS05/ECDTM_repo/R3694/align/8-LODLIV2R1CT490T_M515-M715.deduplicated.bam
LODBREAST3R1,R3683,/mnt/BACKUP_NAS05/ECDTM_repo/R3683/align/9-LODBREAST3R1CT485T_M507-M707.deduplicated.bam
LIVER3R9,R3685,/mnt/BACKUP_NAS05/ECDTM_repo/R3685/align/42-LIVER3R9CT487T_M564-M764.deduplicated.bam
LODCRC6PR2,R3683,/mnt/BACKUP_NAS05/ECDTM_repo/R3683/align/45-LODCRC6PR2CT486T_M531-M731.deduplicated.bam
LODGAS5R2,R3694,/mnt/BACKUP_NAS05/ECDTM_repo/R3694/align/46-LODGAS5R2CT491T_M538-M738.deduplicated.bam
LODCRC15R2,R3693,/mnt/BACKUP_NAS05/ECDTM_repo/R3693/align/47-LODCRC15R2CT489T_M506-M706.deduplicated.bam
LODLIV7R1,R3694,/mnt/BACKUP_NAS05/ECDTM_repo/R3694/align/13-LODLIV7R1CT490T_M520-M720.deduplicated.bam
LODGAS2R1,R3694,/mnt/BACKUP_NAS05/ECDTM_repo/R3694/align/36-LODGAS2R1CT491T_M528-M728.deduplicated.bam
LODLIV7,R3694,/mnt/BACKUP_NAS05/ECDTM_repo/R3694/align/7-LODLIV7CT490T_M514-M714.deduplicated.bam
LODGAS1R1,R3694,/mnt/BACKUP_NAS05/ECDTM_repo/R3694/align/35-LODGAS1R1CT491T_M527-M727.deduplicated.bam
LODCRC3PR2,R3683,/mnt/BACKUP_NAS05/ECDTM_repo/R3683/align/43-LODCRC3PR2CT486T_M529-M729.deduplicated.bam
LODCRC1PR2,R3683,/mnt/BACKUP_NAS05/ECDTM_repo/R3683/align/41-LODCRC1PR2CT486T_M527-M727.deduplicated.bam
LODLIV3R2,R3694,/mnt/BACKUP_NAS05/ECDTM_repo/R3694/align/15-LODLIV3R2CT490T_M522-M722.deduplicated.bam
LODGAS2R2,R3694,/mnt/BACKUP_NAS05/ECDTM_repo/R3694/align/43-LODGAS2R2CT491T_M535-M735.deduplicated.bam
LODCRC14R2,R3693,/mnt/BACKUP_NAS05/ECDTM_repo/R3693/align/46-LODCRC14R2CT489T_M505-M705.deduplicated.bam
LODGAS1R2,R3694,/mnt/BACKUP_NAS05/ECDTM_repo/R3694/align/42-LODGAS1R2CT491T_M534-M734.deduplicated.bam
LODGAS7R1,R3694,/mnt/BACKUP_NAS05/ECDTM_repo/R3694/align/41-LODGAS7R1CT491T_M533-M733.deduplicated.bam
LODCRC18R2,R3693,/mnt/BACKUP_NAS05/ECDTM_repo/R3693/align/36-LODCRC18R2CT489T_M543-M743.deduplicated.bam
LODCRC2PR2,R3683,/mnt/BACKUP_NAS05/ECDTM_repo/R3683/align/42-LODCRC2PR2CT486T_M528-M728.deduplicated.bam
LODBREAST2R1,R3683,/mnt/BACKUP_NAS05/ECDTM_repo/R3683/align/8-LODBREAST2R1CT485T_M506-M706.deduplicated.bam
LODCRC17R1,R3693,/mnt/BACKUP_NAS05/ECDTM_repo/R3693/align/45-LODCRC17R1CT489T_M596-M796.deduplicated.bam
LODBREAST1R1,R3683,/mnt/BACKUP_NAS05/ECDTM_repo/R3683/align/7-LODBREAST1R1CT485T_M505-M705.deduplicated.bam
LODBREAST2R2,R3683,/mnt/BACKUP_NAS05/ECDTM_repo/R3683/align/10-LODBREAST2R2CT485T_M517-M717.deduplicated.bam
LODCRC2R1,R3683,/mnt/BACKUP_NAS05/ECDTM_repo/R3683/align/15-LODCRC2R1CT485T_M522-M722.deduplicated.bam
LODGAS6R2,R3694,/mnt/BACKUP_NAS05/ECDTM_repo/R3694/align/47-LODGAS6R2CT491T_M539-M739.deduplicated.bam
LODBREAST4R2,R3683,/mnt/BACKUP_NAS05/ECDTM_repo/R3683/align/12-LODBREAST4R2CT485T_M519-M719.deduplicated.bam
LODCRC18PR1,R3683,/mnt/BACKUP_NAS05/ECDTM_repo/R3683/align/48-LODCRC18PR1CT486T_M542-M742.deduplicated.bam
LIVER3R16,R3693,/mnt/BACKUP_NAS05/ECDTM_repo/R3693/align/37-LIVER3R16CT489T_M544-M744.deduplicated.bam
LODLIV4R1,R3694,/mnt/BACKUP_NAS05/ECDTM_repo/R3694/align/10-LODLIV4R1CT490T_M517-M717.deduplicated.bam
LODCRC3R1,R3683,/mnt/BACKUP_NAS05/ECDTM_repo/R3683/align/16-LODCRC3R1CT485T_M523-M723.deduplicated.bam
LODGAS3R1,R3694,/mnt/BACKUP_NAS05/ECDTM_repo/R3694/align/37-LODGAS3R1CT491T_M529-M729.deduplicated.bam
LODCRC5PR2,R3683,/mnt/BACKUP_NAS05/ECDTM_repo/R3683/align/44-LODCRC5PR2CT486T_M530-M730.deduplicated.bam
LODGAS5R1,R3694,/mnt/BACKUP_NAS05/ECDTM_repo/R3694/align/39-LODGAS5R1CT491T_M531-M731.deduplicated.bam
LODBREAST3R2,R3683,/mnt/BACKUP_NAS05/ECDTM_repo/R3683/align/11-LODBREAST3R2CT485T_M518-M718.deduplicated.bam
LODGAS6R1,R3694,/mnt/BACKUP_NAS05/ECDTM_repo/R3694/align/40-LODGAS6R1CT491T_M532-M732.deduplicated.bam
LODLIV2R2,R3694,/mnt/BACKUP_NAS05/ECDTM_repo/R3694/align/14-LODLIV2R2CT490T_M521-M721.deduplicated.bam
LODGAS7R2,R3694,/mnt/BACKUP_NAS05/ECDTM_repo/R3694/align/48-LODGAS7R2CT491T_M540-M740.deduplicated.bam
LODCRC5PR1,R3683,/mnt/BACKUP_NAS05/ECDTM_repo/R3683/align/38-LODCRC5PR1CT486T_M524-M724.deduplicated.bam
LODCRC18P,R3683,/mnt/BACKUP_NAS05/ECDTM_repo/R3683/align/47-LODCRC18PCT486T_M541-M741.deduplicated.bam
LODCRC7PR1,R3683,/mnt/BACKUP_NAS05/ECDTM_repo/R3683/align/40-LODCRC7PR1CT486T_M526-M726.deduplicated.bam
LODCRC14R1,R3693,/mnt/BACKUP_NAS05/ECDTM_repo/R3693/align/42-LODCRC14R1CT489T_M593-M793.deduplicated.bam
LODCRC7PR2,R3683,/mnt/BACKUP_NAS05/ECDTM_repo/R3683/align/46-LODCRC7PR2CT486T_M532-M732.deduplicated.bam
LODLIV5,R3694,/mnt/BACKUP_NAS05/ECDTM_repo/R3694/align/5-LODLIV5CT490T_M512-M712.deduplicated.bam
LODGAS3R2,R3694,/mnt/BACKUP_NAS05/ECDTM_repo/R3694/align/44-LODGAS3R2CT491T_M536-M736.deduplicated.bam
LODCRC16R2,R3693,/mnt/BACKUP_NAS05/ECDTM_repo/R3693/align/48-LODCRC16R2CT489T_M507-M707.deduplicated.bam
LODLIV6,R3694,/mnt/BACKUP_NAS05/ECDTM_repo/R3694/align/6-LODLIV6CT490T_M513-M713.deduplicated.bam
LODGAS4R2,R3694,/mnt/BACKUP_NAS05/ECDTM_repo/R3694/align/45-LODGAS4R2CT491T_M537-M737.deduplicated.bam
LUNG19R1,R3693,/mnt/BACKUP_NAS05/ECDTM_repo/R5679/align/8-LUNG19R10CT758T_M508-M708.deduplicated.bam
LUNG19,R3693,/mnt/BACKUP_NAS05/ECDTM_repo/R3693/align/38-LUNG19CT489T_M545-M745.deduplicated.bam
LODLIV6R1,R3694,/mnt/BACKUP_NAS05/ECDTM_repo/R3694/align/12-LODLIV6R1CT490T_M519-M719.deduplicated.bam
LODCRC16R1,R3693,/mnt/BACKUP_NAS05/ECDTM_repo/R3693/align/44-LODCRC16R1CT489T_M595-M795.deduplicated.bam
LODLIV3R1,R3694,/mnt/BACKUP_NAS05/ECDTM_repo/R3694/align/9-LODLIV3R1CT490T_M516-M716.deduplicated.bam
LODGAS4R1,R3694,/mnt/BACKUP_NAS05/ECDTM_repo/R3694/align/38-LODGAS4R1CT491T_M530-M730.deduplicated.bam
LODCRC1R1,R3683,/mnt/BACKUP_NAS05/ECDTM_repo/R3683/align/14-LODCRC1R1CT485T_M521-M721.deduplicated.bam
LUNG20,R3693,/mnt/GS_NAS05/ECDTM_repo/R4938/align/48-LUNG20BR4CT680T_M508-M708.deduplicated.bam
LIVER3R8,R3685,/mnt/BACKUP_NAS05/ECDTM_repo/R3685/align/41-LIVER3R8CT487T_M563-M763.deduplicated.bam
LODLIV5R1,R3694,/mnt/BACKUP_NAS05/ECDTM_repo/R3694/align/11-LODLIV5R1CT490T_M518-M718.deduplicated.bam
LODCRC19R2,R3694,/mnt/BACKUP_NAS05/ECDTM_repo/R3694/align/3-LODCRC19R2CT490T_M510-M710.deduplicated.bam
LODCRC6PR1,R3683,/mnt/BACKUP_NAS05/ECDTM_repo/R3683/align/39-LODCRC6PR1CT486T_M525-M725.deduplicated.bam
LODLIV6R2,R3694,/mnt/BACKUP_NAS05/ECDTM_repo/R3694/align/34-LODLIV6R2CT491T_M525-M725.deduplicated.bam
LUNG20R1,R3693,/mnt/BACKUP_NAS05/ECDTM_repo/R3725/align/134-LODLUNG20R1CT506T_S6593-S6793.deduplicated.bam
LODLIV5R2,R3694,/mnt/BACKUP_NAS05/ECDTM_repo/R3694/align/33-LODLIV5R2CT491T_M524-M724.deduplicated.bam
LODCRC17R2,R3694,/mnt/BACKUP_NAS05/ECDTM_repo/R3694/align/1-LODCRC17R2CT490T_M508-M708.deduplicated.bam
LODCRC15R1,R3693,/mnt/BACKUP_NAS05/ECDTM_repo/R3693/align/43-LODCRC15R1CT489T_M594-M794.deduplicated.bam
LODCRC19R3,R3694,/mnt/BACKUP_NAS05/ECDTM_repo/R3694/align/4-LODCRC19R3CT490T_M511-M711.deduplicated.bam
LODLIV4R2,R3694,/mnt/BACKUP_NAS05/ECDTM_repo/R3694/align/16-LODLIV4R2CT490T_M523-M723.deduplicated.bam
LODLIV18,R3703,/mnt/BACKUP_NAS05/ECDTM_repo/R3703/align/45-LODLIV18CT493T_M584-M784.deduplicated.bam
LODLIV21R2,R3703,/mnt/BACKUP_NAS05/ECDTM_repo/R3703/align/79-LODLIV21R2CT494T_M509-M709.deduplicated.bam
LODLIV8,R3703,/mnt/BACKUP_NAS05/ECDTM_repo/R3703/align/5-LODLIV8CT492T_M557-M757.deduplicated.bam
LODLIV18R1,R3703,/mnt/BACKUP_NAS05/ECDTM_repo/R3703/align/69-LODLIV18R1CT494T_M591-M791.deduplicated.bam
LODLIV12R2,R3703,/mnt/BACKUP_NAS05/ECDTM_repo/R3703/align/39-LODLIV12R2CT493T_M577-M777.deduplicated.bam
LUNG6R28,R3242,/mnt/BACKUP_NAS05/ECDTM_repo/R3242/align/16-LUNG6R28CT401T_M584-M784.deduplicated.bam
LODCRC24R1,R3715,/mnt/BACKUP_NAS05/ECDTM_repo/R3715/align/14-LODCRC24R1CT495T_M558-M758.deduplicated.bam
LODBREAST4R1,R3703,/mnt/BACKUP_NAS05/ECDTM_repo/R3703/align/80-LODBREAST4R1CT494T_M510-M710.deduplicated.bam
CRC8R13,R3656,/mnt/BACKUP_NAS05/ECDTM_repo/R3656/align/14-CRC8R13CT476T_M550-M750.deduplicated.bam
CRC11R1,R3715,/mnt/BACKUP_NAS05/ECDTM_repo/R3666/align/46-LODCRC11R1CT478T_M520-M720.deduplicated.bam
LODLIV19R1,R3703,/mnt/BACKUP_NAS05/ECDTM_repo/R3703/align/70-LODLIV19R1CT494T_M592-M792.deduplicated.bam
LODBREAST10R2,R3725,/mnt/BACKUP_NAS05/ECDTM_repo/R3725/align/82-LODBREAST10R2CT503T_M560-M760.deduplicated.bam
LODBREAST11R2,R3725,/mnt/BACKUP_NAS05/ECDTM_repo/R3725/align/83-LODBREAST11R2CT503T_S6533-S6733.deduplicated.bam
LODLIV16R1,R3703,/mnt/BACKUP_NAS05/ECDTM_repo/R3703/align/67-LODLIV16R1CT494T_M589-M789.deduplicated.bam
LODBREAST12R2,R3725,/mnt/BACKUP_NAS05/ECDTM_repo/R3725/align/84-LODBREAST12R2CT503T_S6534-S6734.deduplicated.bam
CRC11R2,R3715,/mnt/BACKUP_NAS05/ECDTM_repo/R3666/align/68-LODCRC11R2CT479T_M534-M734.deduplicated.bam
LODBREAST13R2,R3725,/mnt/BACKUP_NAS05/ECDTM_repo/R3725/align/85-LODBREAST13R2CT503T_S6535-S6735.deduplicated.bam
LODBREAST14R2,R3725,/mnt/BACKUP_NAS05/ECDTM_repo/R3725/align/86-LODBREAST14R2CT503T_S6536-S6736.deduplicated.bam
LODLIV18R2,R3703,/mnt/BACKUP_NAS05/ECDTM_repo/R3703/align/76-LODLIV18R2CT494T_M506-M706.deduplicated.bam
LODBREAST15,R3725,/mnt/BACKUP_NAS05/ECDTM_repo/R3725/align/87-LODBREAST15CT503T_S6537-S6737.deduplicated.bam
LODCRC22,R3715,/mnt/BACKUP_NAS05/ECDTM_repo/R3715/align/5-LODCRC22CT495T_M549-M749.deduplicated.bam
LODGAS5,R3703,/mnt/BACKUP_NAS05/ECDTM_repo/R3703/align/1-LODGAS5CT492T_M541-M741.deduplicated.bam
LODCRC25R1,R3715,/mnt/BACKUP_NAS05/ECDTM_repo/R3715/align/15-LODCRC25R1CT495T_M559-M759.deduplicated.bam
LODBREAST15R1,R3725,/mnt/BACKUP_NAS05/ECDTM_repo/R3725/align/88-LODBREAST15R1CT503T_S6538-S6738.deduplicated.bam
LODLIV17R2,R3703,/mnt/BACKUP_NAS05/ECDTM_repo/R3703/align/75-LODLIV17R2CT494T_M505-M705.deduplicated.bam
LODLIV16R2,R3703,/mnt/BACKUP_NAS05/ECDTM_repo/R3703/align/74-LODLIV16R2CT494T_M596-M796.deduplicated.bam
LODBREAST15R2,R3725,/mnt/BACKUP_NAS05/ECDTM_repo/R3725/align/89-LODBREAST15R2CT503T_S6539-S6739.deduplicated.bam
LODLIV11R1,R3703,/mnt/BACKUP_NAS05/ECDTM_repo/R3703/align/14-LODLIV11R1CT492T_M568-M768.deduplicated.bam
LODCRC25,R3715,/mnt/BACKUP_NAS05/ECDTM_repo/R3715/align/8-LODCRC25CT495T_M552-M752.deduplicated.bam
LODBREAST16,R3725,/mnt/BACKUP_NAS05/ECDTM_repo/R3725/align/90-LODBREAST16CT503T_S6540-S6740.deduplicated.bam
LODBREAST16R1,R3725,/mnt/BACKUP_NAS05/ECDTM_repo/R3725/align/92-LODBREAST16R1CT503T_S6542-S6742.deduplicated.bam
LODBREAST16R2,R3725,/mnt/BACKUP_NAS05/ECDTM_repo/R3725/align/94-LODBREAST16R2CT503T_S6544-S6744.deduplicated.bam
LODBREAST17,R3725,/mnt/BACKUP_NAS05/ECDTM_repo/R3725/align/91-LODBREAST17CT503T_S6541-S6741.deduplicated.bam
LODLIV13R2,R3703,/mnt/BACKUP_NAS05/ECDTM_repo/R3703/align/40-LODLIV13R2CT493T_M578-M778.deduplicated.bam
LODBREAST17R1,R3725,/mnt/BACKUP_NAS05/ECDTM_repo/R3725/align/93-LODBREAST17R1CT503T_S6543-S6743.deduplicated.bam
LODCRC22R1,R3715,/mnt/BACKUP_NAS05/ECDTM_repo/R3715/align/12-LODCRC22R1CT495T_M556-M756.deduplicated.bam
LODBREAST17R2,R3725,/mnt/BACKUP_NAS05/ECDTM_repo/R3725/align/95-LODBREAST17R2CT503T_S6545-S6745.deduplicated.bam
LODBREAST18,R3725,/mnt/BACKUP_NAS05/ECDTM_repo/R3725/align/96-LODBREAST18CT503T_S6546-S6746.deduplicated.bam
LODLIV19,R3703,/mnt/BACKUP_NAS05/ECDTM_repo/R3703/align/46-LODLIV19CT493T_M585-M785.deduplicated.bam
LODBREAST18R1,R3725,/mnt/BACKUP_NAS05/ECDTM_repo/R3725/align/97-LODBREAST18R1CT504T_S6547-S6747.deduplicated.bam
LODLIV9R2,R3703,/mnt/BACKUP_NAS05/ECDTM_repo/R3703/align/36-LODLIV9R2CT493T_M574-M774.deduplicated.bam
LODLIV10,R3703,/mnt/BACKUP_NAS05/ECDTM_repo/R3703/align/6-LODLIV10CT492T_M559-M759.deduplicated.bam
LODLIV20,R3703,/mnt/BACKUP_NAS05/ECDTM_repo/R3703/align/47-LODLIV20CT493T_M586-M786.deduplicated.bam
LODCRC21,R3715,/mnt/BACKUP_NAS05/ECDTM_repo/R3715/align/4-LODCRC21CT495T_M548-M748.deduplicated.bam
LODLIV17R1,R3703,/mnt/BACKUP_NAS05/ECDTM_repo/R3703/align/68-LODLIV17R1CT494T_M590-M790.deduplicated.bam
LODCRC20R1,R3715,/mnt/BACKUP_NAS05/ECDTM_repo/R3715/align/9-LODCRC20R1CT495T_M553-M753.deduplicated.bam
LODBREAST19,R3725,/mnt/BACKUP_NAS05/ECDTM_repo/R3725/align/98-LODBREAST19CT504T_S6549-S6749.deduplicated.bam
LODBREAST19R1,R3725,/mnt/BACKUP_NAS05/ECDTM_repo/R3725/align/100-LODBREAST19R1CT504T_S6551-S6751.deduplicated.bam
LODCRC23,R3715,/mnt/BACKUP_NAS05/ECDTM_repo/R3715/align/6-LODCRC23CT495T_M550-M750.deduplicated.bam
LODLIV19R2,R3703,/mnt/BACKUP_NAS05/ECDTM_repo/R3703/align/77-LODLIV19R2CT494T_M507-M707.deduplicated.bam
LODLIV17,R3703,/mnt/BACKUP_NAS05/ECDTM_repo/R3703/align/44-LODLIV17CT493T_M583-M783.deduplicated.bam
LODLIV9R1,R3703,/mnt/BACKUP_NAS05/ECDTM_repo/R3703/align/12-LODLIV9R1CT492T_M566-M766.deduplicated.bam
LODLIV21R1,R3703,/mnt/BACKUP_NAS05/ECDTM_repo/R3703/align/72-LODLIV21R1CT494T_M594-M794.deduplicated.bam
LODBREAST19R2,R3725,/mnt/BACKUP_NAS05/ECDTM_repo/R3725/align/102-LODBREAST19R2CT504T_S6553-S6753.deduplicated.bam
LODBREAST20,R3725,/mnt/BACKUP_NAS05/ECDTM_repo/R3725/align/99-LODBREAST20CT504T_S6550-S6750.deduplicated.bam
LODCRC23R1,R3715,/mnt/BACKUP_NAS05/ECDTM_repo/R3715/align/13-LODCRC23R1CT495T_M557-M757.deduplicated.bam
LODBREAST20R1,R3725,/mnt/BACKUP_NAS05/ECDTM_repo/R3725/align/101-LODBREAST20R1CT504T_S6552-S6752.deduplicated.bam
LODCRC21R1,R3715,/mnt/BACKUP_NAS05/ECDTM_repo/R3715/align/11-LODCRC21R1CT495T_M555-M755.deduplicated.bam
LODBREAST20R2,R3725,/mnt/BACKUP_NAS05/ECDTM_repo/R3725/align/103-LODBREAST20R2CT504T_S6554-S6754.deduplicated.bam
LODBREAST21,R3725,/mnt/BACKUP_NAS05/ECDTM_repo/R3725/align/104-LODBREAST21CT504T_S6555-S6755.deduplicated.bam
LODBREAST21R1,R3725,/mnt/BACKUP_NAS05/ECDTM_repo/R3725/align/111-LODBREAST21R1CT505T_S6570-S6770.deduplicated.bam
LODBREAST21R2,R3725,/mnt/BACKUP_NAS05/ECDTM_repo/R3725/align/118-LODBREAST21R2CT505T_S6577-S6777.deduplicated.bam
LODLIV13,R3703,/mnt/BACKUP_NAS05/ECDTM_repo/R3703/align/9-LODLIV13CT492T_M562-M762.deduplicated.bam
LODLIV11,R3703,/mnt/BACKUP_NAS05/ECDTM_repo/R3703/align/7-LODLIV11CT492T_M560-M760.deduplicated.bam
LODBREAST22,R3725,/mnt/BACKUP_NAS05/ECDTM_repo/R3725/align/105-LODBREAST22CT504T_S6556-S6756.deduplicated.bam
LODBREAST22R1,R3725,/mnt/BACKUP_NAS05/ECDTM_repo/R3725/align/112-LODBREAST22R1CT505T_S6571-S6771.deduplicated.bam
LODGAS6,R3703,/mnt/BACKUP_NAS05/ECDTM_repo/R3703/align/2-LODGAS6CT492T_M542-M742.deduplicated.bam
LODLIV8R1,R3703,/mnt/BACKUP_NAS05/ECDTM_repo/R3703/align/11-LODLIV8R1CT492T_M565-M765.deduplicated.bam
LODLIV20R1,R3703,/mnt/BACKUP_NAS05/ECDTM_repo/R3703/align/71-LODLIV20R1CT494T_M593-M793.deduplicated.bam
LODLIV15R1,R3703,/mnt/BACKUP_NAS05/ECDTM_repo/R3703/align/66-LODLIV15R1CT494T_M588-M788.deduplicated.bam
LODLIV10R2,R3703,/mnt/BACKUP_NAS05/ECDTM_repo/R3703/align/37-LODLIV10R2CT493T_M575-M775.deduplicated.bam
LODBREAST22R2,R3725,/mnt/BACKUP_NAS05/ECDTM_repo/R3725/align/119-LODBREAST22R2CT505T_S6578-S6778.deduplicated.bam
LODLIV12,R3703,/mnt/BACKUP_NAS05/ECDTM_repo/R3703/align/8-LODLIV12CT492T_M561-M761.deduplicated.bam
LODLIV14,R3703,/mnt/BACKUP_NAS05/ECDTM_repo/R3703/align/10-LODLIV14CT492T_M563-M763.deduplicated.bam
LODBREAST23,R3725,/mnt/BACKUP_NAS05/ECDTM_repo/R3725/align/106-LODBREAST23CT504T_S6557-S6757.deduplicated.bam
LODLIV8R2,R3703,/mnt/BACKUP_NAS05/ECDTM_repo/R3703/align/35-LODLIV8R2CT493T_M573-M773.deduplicated.bam
LIVER5R3,R3715,/mnt/BACKUP_NAS05/ECDTM_repo/R3715/align/2-LIVER5R3CT495T_M580-M780.deduplicated.bam
LODBREAST23R2,R3725,/mnt/BACKUP_NAS05/ECDTM_repo/R3725/align/120-LODBREAST23R2CT505T_S6579-S6779.deduplicated.bam
LODLIV15,R3703,/mnt/BACKUP_NAS05/ECDTM_repo/R3703/align/42-LODLIV15CT493T_M581-M781.deduplicated.bam
LIVER5R2,R3703,/mnt/BACKUP_NAS05/ECDTM_repo/R3703/align/34-LIVER5R2CT493T_M572-M772.deduplicated.bam
LODLIV21,R3703,/mnt/BACKUP_NAS05/ECDTM_repo/R3703/align/65-LODLIV21CT494T_M587-M787.deduplicated.bam
LODBREAST24R1,R3725,/mnt/BACKUP_NAS05/ECDTM_repo/R3725/align/114-LODBREAST24R1CT505T_S6573-S6773.deduplicated.bam
LODLIV11R2,R3703,/mnt/BACKUP_NAS05/ECDTM_repo/R3703/align/38-LODLIV11R2CT493T_M576-M776.deduplicated.bam
LODBREAST24R2,R3725,/mnt/BACKUP_NAS05/ECDTM_repo/R3725/align/121-LODBREAST24R2CT505T_S6580-S6780.deduplicated.bam
LODLIV16,R3703,/mnt/BACKUP_NAS05/ECDTM_repo/R3703/align/43-LODLIV16CT493T_M582-M782.deduplicated.bam
LODLIV14R1,R3703,/mnt/BACKUP_NAS05/ECDTM_repo/R3703/align/33-LODLIV14R1CT493T_M571-M771.deduplicated.bam
LODBREAST25R1,R3725,/mnt/BACKUP_NAS05/ECDTM_repo/R3725/align/115-LODBREAST25R1CT505T_S6574-S6774.deduplicated.bam
LODLIV12R1,R3703,/mnt/BACKUP_NAS05/ECDTM_repo/R3703/align/15-LODLIV12R1CT492T_M569-M769.deduplicated.bam
LODCRC24,R3715,/mnt/BACKUP_NAS05/ECDTM_repo/R3715/align/7-LODCRC24CT495T_M551-M751.deduplicated.bam
LODBREAST26R1,R3725,/mnt/BACKUP_NAS05/ECDTM_repo/R3725/align/116-LODBREAST26R1CT505T_S6575-S6775.deduplicated.bam
CRC8R15,R3683,/mnt/BACKUP_NAS05/ECDTM_repo/R3683/align/4-CRC8R15CT485T_M569-M769.deduplicated.bam
LODLIV10R1,R3703,/mnt/BACKUP_NAS05/ECDTM_repo/R3703/align/13-LODLIV10R1CT492T_M567-M767.deduplicated.bam
LODLIV14R2,R3703,/mnt/BACKUP_NAS05/ECDTM_repo/R3703/align/41-LODLIV14R2CT493T_M579-M779.deduplicated.bam
LODGAS7,R3703,/mnt/BACKUP_NAS05/ECDTM_repo/R3703/align/3-LODGAS7CT492T_M555-M755.deduplicated.bam
LODBREAST26R2,R3725,/mnt/BACKUP_NAS05/ECDTM_repo/R3725/align/123-LODBREAST26R2CT505T_S6582-S6782.deduplicated.bam
LODCRC20,R3715,/mnt/BACKUP_NAS05/ECDTM_repo/R3715/align/3-LODCRC20CT495T_M547-M747.deduplicated.bam
LODLIV20R2,R3703,/mnt/BACKUP_NAS05/ECDTM_repo/R3703/align/78-LODLIV20R2CT494T_M508-M708.deduplicated.bam
LODLIV13R1,R3703,/mnt/BACKUP_NAS05/ECDTM_repo/R3703/align/16-LODLIV13R1CT492T_M570-M770.deduplicated.bam
LODLUNG10R1,R3724,/mnt/BACKUP_NAS05/ECDTM_repo/R3724/align/39-LODLUNG10R1CT500T_M509-M709.deduplicated.bam
LODGAS11R1,R3724,/mnt/BACKUP_NAS05/ECDTM_repo/R3724/align/17-LODGAS11R1CT499T_M577-M777.deduplicated.bam
LODLUNG14,R3724,/mnt/BACKUP_NAS05/ECDTM_repo/R3724/align/51-LODLUNG14CT501T_S6505-S6705.deduplicated.bam
LODBREAST9R2,R3725,/mnt/BACKUP_NAS05/ECDTM_repo/R3725/align/81-LODBREAST9R2CT503T_M559-M759.deduplicated.bam
LODLUNG7R1,R3724,/mnt/BACKUP_NAS05/ECDTM_repo/R3724/align/36-LODLUNG7R1CT500T_M506-M706.deduplicated.bam
LODLIV9,R3725,/mnt/BACKUP_NAS05/ECDTM_repo/R3725/align/164-LODLIV9CT508T_S7535-S7735.deduplicated.bam
LODBREAST10,R3724,/mnt/BACKUP_NAS05/ECDTM_repo/R3724/align/68-LODBREAST10CT502T_M503-M703.deduplicated.bam
LODLUNG8R2,R3724,/mnt/BACKUP_NAS05/ECDTM_repo/R3724/align/44-LODLUNG8R2CT500T_M514-M714.deduplicated.bam
LODGAS12R2,R3724,/mnt/BACKUP_NAS05/ECDTM_repo/R3724/align/25-LODGAS12R2CT499T_M585-M785.deduplicated.bam
LODGAS10,R3724,/mnt/BACKUP_NAS05/ECDTM_repo/R3724/align/9-LODGAS10CT496T_M569-M769.deduplicated.bam
LODLUNG17R1,R3725,/mnt/BACKUP_NAS05/ECDTM_repo/R3725/align/131-LODLUNG17R1CT506T_S6590-S6790.deduplicated.bam
LODBREAST11,R3724,/mnt/BACKUP_NAS05/ECDTM_repo/R3724/align/69-LODBREAST11CT502T_M504-M704.deduplicated.bam
LODLUNG5R1,R3724,/mnt/BACKUP_NAS05/ECDTM_repo/R3724/align/34-LODLUNG5R1CT500T_M596-M796.deduplicated.bam
LODLUNG17R2,R3725,/mnt/BACKUP_NAS05/ECDTM_repo/R3725/align/138-LODLUNG17R2CT506T_S7501-S7701.deduplicated.bam
LODLUNG18,R3725,/mnt/BACKUP_NAS05/ECDTM_repo/R3725/align/125-LODLUNG18CT506T_S6584-S6784.deduplicated.bam
LODLUNG7R2,R3724,/mnt/BACKUP_NAS05/ECDTM_repo/R3724/align/43-LODLUNG7R2CT500T_M513-M713.deduplicated.bam
LODLUNG18R1,R3725,/mnt/BACKUP_NAS05/ECDTM_repo/R3725/align/132-LODLUNG18R1CT506T_S6591-S6791.deduplicated.bam
LODLUNG9R1,R3724,/mnt/BACKUP_NAS05/ECDTM_repo/R3724/align/38-LODLUNG9R1CT500T_M508-M708.deduplicated.bam
LODLUNG18R2,R3725,/mnt/BACKUP_NAS05/ECDTM_repo/R3725/align/139-LODLUNG18R2CT507T_S7502-S7702.deduplicated.bam
LODLUNG14R2,R3724,/mnt/BACKUP_NAS05/ECDTM_repo/R3724/align/64-LODLUNG14R2CT501T_S6530-S6730.deduplicated.bam
LODCRC20R2,R3724,/mnt/BACKUP_NAS05/ECDTM_repo/R3724/align/1-LODCRC20R2CT496T_M561-M761.deduplicated.bam
LODBREAST8,R3724,/mnt/BACKUP_NAS05/ECDTM_repo/R3724/align/66-LODBREAST8CT502T_M501-M701.deduplicated.bam
LODLUNG19,R3725,/mnt/BACKUP_NAS05/ECDTM_repo/R3725/align/126-LODLUNG19CT506T_S6585-S6785.deduplicated.bam
LODLIV15R2,R3703,/mnt/BACKUP_NAS05/ECDTM_repo/R3703/align/73-LODLIV15R2CT494T_M595-M795.deduplicated.bam
LODLUNG19R1,R3725,/mnt/BACKUP_NAS05/ECDTM_repo/R3725/align/133-LODLUNG19R1CT506T_S6592-S6792.deduplicated.bam
LODLUNG13,R3724,/mnt/BACKUP_NAS05/ECDTM_repo/R3724/align/50-LODLUNG13CT501T_S6504-S6704.deduplicated.bam
LUNG14R2,R3724,/mnt/BACKUP_NAS05/ECDTM_repo/R3724/align/64-LODLUNG14R2CT501T_S6530-S6730.deduplicated.bam
LODLUNG11R2,R3724,/mnt/BACKUP_NAS05/ECDTM_repo/R3724/align/61-LODLUNG11R2CT501T_S6527-S6727.deduplicated.bam
LODBREAST12R1,R3724,/mnt/BACKUP_NAS05/ECDTM_repo/R3724/align/77-LODBREAST12R1CT502T_M536-M736.deduplicated.bam
LODLUNG19R2,R3725,/mnt/BACKUP_NAS05/ECDTM_repo/R3725/align/140-LODLUNG19R2CT507T_S7503-S7703.deduplicated.bam
LODBREAST14,R3724,/mnt/BACKUP_NAS05/ECDTM_repo/R3724/align/72-LODBREAST14CT502T_M531-M731.deduplicated.bam
LODLUNG20,R3725,/mnt/BACKUP_NAS05/ECDTM_repo/R3725/align/127-LODLUNG20CT506T_S6586-S6786.deduplicated.bam
LODLUNG13R1,R3724,/mnt/BACKUP_NAS05/ECDTM_repo/R3724/align/57-LODLUNG13R1CT501T_S6511-S6711.deduplicated.bam
LODBREAST10R1,R3724,/mnt/BACKUP_NAS05/ECDTM_repo/R3724/align/75-LODBREAST10R1CT502T_M534-M734.deduplicated.bam
LUNG20R2,R3724,/mnt/BACKUP_NAS05/ECDTM_repo/R3725/align/141-LODLUNG20R2CT507T_S7504-S7704.deduplicated.bam
LODLUNG20R1,R3725,/mnt/BACKUP_NAS05/ECDTM_repo/R3725/align/134-LODLUNG20R1CT506T_S6593-S6793.deduplicated.bam
LODGAS11R2,R3724,/mnt/BACKUP_NAS05/ECDTM_repo/R3724/align/24-LODGAS11R2CT499T_M584-M784.deduplicated.bam
LODCRC24R2,R3724,/mnt/BACKUP_NAS05/ECDTM_repo/R3724/align/5-LODCRC24R2CT496T_M565-M765.deduplicated.bam
LODLUNG11R1,R3724,/mnt/BACKUP_NAS05/ECDTM_repo/R3724/align/55-LODLUNG11R1CT501T_S6509-S6709.deduplicated.bam
LODLUNG20R2,R3725,/mnt/BACKUP_NAS05/ECDTM_repo/R3725/align/141-LODLUNG20R2CT507T_S7504-S7704.deduplicated.bam
LODBREAST9R1,R3724,/mnt/BACKUP_NAS05/ECDTM_repo/R3724/align/74-LODBREAST9R1CT502T_M533-M733.deduplicated.bam
LODGAS12R1,R3724,/mnt/BACKUP_NAS05/ECDTM_repo/R3724/align/18-LODGAS12R1CT499T_M578-M778.deduplicated.bam
LODLUNG21R1,R3725,/mnt/BACKUP_NAS05/ECDTM_repo/R3725/align/135-LODLUNG21R1CT506T_S6594-S6794.deduplicated.bam
LODGAS13R1,R3724,/mnt/BACKUP_NAS05/ECDTM_repo/R3724/align/19-LODGAS13R1CT499T_M579-M779.deduplicated.bam
LODLUNG15,R3724,/mnt/BACKUP_NAS05/ECDTM_repo/R3724/align/52-LODLUNG15CT501T_S6506-S6706.deduplicated.bam
LODLUNG21R2,R3725,/mnt/BACKUP_NAS05/ECDTM_repo/R3725/align/142-LODLUNG21R2CT507T_S7505-S7705.deduplicated.bam
LODLUNG22,R3725,/mnt/BACKUP_NAS05/ECDTM_repo/R3725/align/129-LODLUNG22CT506T_S6588-S6788.deduplicated.bam
LODLUNG22R1,R3725,/mnt/BACKUP_NAS05/ECDTM_repo/R3725/align/136-LODLUNG22R1CT506T_S6595-S6795.deduplicated.bam
LODGAS8R1,R3724,/mnt/BACKUP_NAS05/ECDTM_repo/R3724/align/14-LODGAS8R1CT496T_M574-M774.deduplicated.bam
LODGAS13,R3724,/mnt/BACKUP_NAS05/ECDTM_repo/R3724/align/12-LODGAS13CT496T_M572-M772.deduplicated.bam
LODLUNG22R2,R3725,/mnt/BACKUP_NAS05/ECDTM_repo/R3725/align/143-LODLUNG22R2CT507T_S7506-S7706.deduplicated.bam
LODGAS11,R3724,/mnt/BACKUP_NAS05/ECDTM_repo/R3724/align/10-LODGAS11CT496T_M570-M770.deduplicated.bam
LODLUNG5,R3724,/mnt/BACKUP_NAS05/ECDTM_repo/R3724/align/28-LODLUNG5CT499T_M590-M790.deduplicated.bam
LODBREAST8R1,R3724,/mnt/BACKUP_NAS05/ECDTM_repo/R3724/align/73-LODBREAST8R1CT502T_M532-M732.deduplicated.bam
LODGAS9R2,R3724,/mnt/BACKUP_NAS05/ECDTM_repo/R3724/align/22-LODGAS9R2CT499T_M582-M782.deduplicated.bam
LODGAS10R1,R3724,/mnt/BACKUP_NAS05/ECDTM_repo/R3724/align/16-LODGAS10R1CT496T_M576-M776.deduplicated.bam
LODLUNG23,R3725,/mnt/BACKUP_NAS05/ECDTM_repo/R3725/align/145-LODLUNG23CT507T_S7508-S7708.deduplicated.bam
LODLUNG23R1,R3725,/mnt/BACKUP_NAS05/ECDTM_repo/R3725/align/152-LODLUNG23R1CT508T_S7515-S7715.deduplicated.bam
LODLUNG5R2,R3724,/mnt/BACKUP_NAS05/ECDTM_repo/R3724/align/41-LODLUNG5R2CT500T_M511-M711.deduplicated.bam
LODLUNG12R2,R3724,/mnt/BACKUP_NAS05/ECDTM_repo/R3724/align/62-LODLUNG12R2CT501T_S6528-S6728.deduplicated.bam
LODLUNG23R2,R3725,/mnt/BACKUP_NAS05/ECDTM_repo/R3725/align/158-LODLUNG23R2CT508T_S7521-S7721.deduplicated.bam
LODCRC25R2,R3724,/mnt/BACKUP_NAS05/ECDTM_repo/R3724/align/6-LODCRC25R2CT496T_M566-M766.deduplicated.bam
LODLUNG6,R3724,/mnt/BACKUP_NAS05/ECDTM_repo/R3724/align/29-LODLUNG6CT499T_M591-M791.deduplicated.bam
LODLUNG24,R3725,/mnt/BACKUP_NAS05/ECDTM_repo/R3725/align/146-LODLUNG24CT507T_S7509-S7709.deduplicated.bam
LODLUNG24R1,R3725,/mnt/BACKUP_NAS05/ECDTM_repo/R3725/align/153-LODLUNG24R1CT508T_S7516-S7716.deduplicated.bam
LODLUNG12,R3724,/mnt/BACKUP_NAS05/ECDTM_repo/R3724/align/49-LODLUNG12CT501T_S6503-S6703.deduplicated.bam
LODLUNG24R2,R3725,/mnt/BACKUP_NAS05/ECDTM_repo/R3725/align/159-LODLUNG24R2CT508T_S7522-S7722.deduplicated.bam
LODLUNG15R1,R3724,/mnt/BACKUP_NAS05/ECDTM_repo/R3724/align/59-LODLUNG15R1CT501T_S6525-S6725.deduplicated.bam
LODLUNG16R1,R3724,/mnt/BACKUP_NAS05/ECDTM_repo/R3724/align/60-LODLUNG16R1CT501T_S6526-S6726.deduplicated.bam
LODLUNG25,R3725,/mnt/BACKUP_NAS05/ECDTM_repo/R3725/align/147-LODLUNG25CT507T_S7510-S7710.deduplicated.bam
LODLUNG16,R3724,/mnt/BACKUP_NAS05/ECDTM_repo/R3724/align/53-LODLUNG16CT501T_S6507-S6707.deduplicated.bam
LODLUNG25R1,R3725,/mnt/BACKUP_NAS05/ECDTM_repo/R3725/align/154-LODLUNG25R1CT508T_S7517-S7717.deduplicated.bam
LODGAS9R1,R3724,/mnt/BACKUP_NAS05/ECDTM_repo/R3724/align/15-LODGAS9R1CT496T_M575-M775.deduplicated.bam
LODLUNG8,R3724,/mnt/BACKUP_NAS05/ECDTM_repo/R3724/align/31-LODLUNG8CT499T_M593-M793.deduplicated.bam
LODGAS8R2,R3724,/mnt/BACKUP_NAS05/ECDTM_repo/R3724/align/21-LODGAS8R2CT499T_M581-M781.deduplicated.bam
LODLUNG25R2,R3725,/mnt/BACKUP_NAS05/ECDTM_repo/R3725/align/160-LODLUNG25R2CT508T_S7523-S7723.deduplicated.bam
LODLUNG15R2,R3724,/mnt/BACKUP_NAS05/ECDTM_repo/R3724/align/65-LODLUNG15R2CT502T_S6531-S6731.deduplicated.bam
LODLUNG6R1,R3724,/mnt/BACKUP_NAS05/ECDTM_repo/R3724/align/35-LODLUNG6R1CT500T_M505-M705.deduplicated.bam
LODLUNG9R2,R3724,/mnt/BACKUP_NAS05/ECDTM_repo/R3724/align/45-LODLUNG9R2CT500T_M515-M715.deduplicated.bam
LODLUNG26,R3725,/mnt/BACKUP_NAS05/ECDTM_repo/R3725/align/148-LODLUNG26CT507T_S7511-S7711.deduplicated.bam
LODLUNG6R2,R3724,/mnt/BACKUP_NAS05/ECDTM_repo/R3724/align/42-LODLUNG6R2CT500T_M512-M712.deduplicated.bam
LODGAS9,R3724,/mnt/BACKUP_NAS05/ECDTM_repo/R3724/align/8-LODGAS9CT496T_M568-M768.deduplicated.bam
LODCRC23R2,R3724,/mnt/BACKUP_NAS05/ECDTM_repo/R3724/align/4-LODCRC23R2CT496T_M564-M764.deduplicated.bam
LODLUNG13R2,R3724,/mnt/BACKUP_NAS05/ECDTM_repo/R3724/align/63-LODLUNG13R2CT501T_S6529-S6729.deduplicated.bam
LODLUNG7,R3724,/mnt/BACKUP_NAS05/ECDTM_repo/R3724/align/30-LODLUNG7CT499T_M592-M792.deduplicated.bam
LODLUNG26R1,R3725,/mnt/BACKUP_NAS05/ECDTM_repo/R3725/align/155-LODLUNG26R1CT508T_S7518-S7718.deduplicated.bam
LODLUNG21,R3725,/mnt/BACKUP_NAS05/ECDTM_repo/R3725/align/128-LODLUNG21CT506T_S6587-S6787.deduplicated.bam
LODLUNG26R2,R3725,/mnt/BACKUP_NAS05/ECDTM_repo/R3725/align/161-LODLUNG26R2CT508T_S7524-S7724.deduplicated.bam
LODBREAST18R2,R3724,/mnt/BACKUP_NAS05/ECDTM_repo/R3724/align/80-LODBREAST18R2CT502T_M558-M758.deduplicated.bam
LODLUNG8R1,R3724,/mnt/BACKUP_NAS05/ECDTM_repo/R3724/align/37-LODLUNG8R1CT500T_M507-M707.deduplicated.bam
LODLUNG27,R3725,/mnt/BACKUP_NAS05/ECDTM_repo/R3725/align/149-LODLUNG27CT507T_S7512-S7712.deduplicated.bam
LODLUNG27R1,R3725,/mnt/BACKUP_NAS05/ECDTM_repo/R3725/align/156-LODLUNG27R1CT508T_S7519-S7719.deduplicated.bam
LODGAS13R2,R3724,/mnt/BACKUP_NAS05/ECDTM_repo/R3724/align/26-LODGAS13R2CT499T_M586-M786.deduplicated.bam
LODGAS12,R3724,/mnt/BACKUP_NAS05/ECDTM_repo/R3724/align/11-LODGAS12CT496T_M571-M771.deduplicated.bam
LODLUNG27R2,R3725,/mnt/BACKUP_NAS05/ECDTM_repo/R3725/align/162-LODLUNG27R2CT508T_S7533-S7733.deduplicated.bam
LODLUNG28,R3725,/mnt/BACKUP_NAS05/ECDTM_repo/R3725/align/150-LODLUNG28CT507T_S7513-S7713.deduplicated.bam
LODLUNG12R1,R3724,/mnt/BACKUP_NAS05/ECDTM_repo/R3724/align/56-LODLUNG12R1CT501T_S6510-S6710.deduplicated.bam
LODLUNG10R2,R3724,/mnt/BACKUP_NAS05/ECDTM_repo/R3724/align/46-LODLUNG10R2CT500T_M516-M716.deduplicated.bam
LODBREAST13,R3724,/mnt/BACKUP_NAS05/ECDTM_repo/R3724/align/71-LODBREAST13CT502T_M530-M730.deduplicated.bam
LODCRC22R2,R3724,/mnt/BACKUP_NAS05/ECDTM_repo/R3724/align/3-LODCRC22R2CT496T_M563-M763.deduplicated.bam
LODLUNG28R1,R3725,/mnt/BACKUP_NAS05/ECDTM_repo/R3725/align/157-LODLUNG28R1CT508T_S7520-S7720.deduplicated.bam
LODBREAST13R1,R3724,/mnt/BACKUP_NAS05/ECDTM_repo/R3724/align/78-LODBREAST13R1CT502T_M537-M737.deduplicated.bam
LODGAS10R2,R3724,/mnt/BACKUP_NAS05/ECDTM_repo/R3724/align/23-LODGAS10R2CT499T_M583-M783.deduplicated.bam
LODBREAST9,R3724,/mnt/BACKUP_NAS05/ECDTM_repo/R3724/align/67-LODBREAST9CT502T_M502-M702.deduplicated.bam
LODLUNG28R2,R3725,/mnt/BACKUP_NAS05/ECDTM_repo/R3725/align/163-LODLUNG28R2CT508T_S7534-S7734.deduplicated.bam
LUNG15R1,R3725,/mnt/BACKUP_NAS05/ECDTM_repo/R3725/align/130-LUNG15R1CT506T_S6589-S6789.deduplicated.bam
LODBREAST11R1,R3724,/mnt/BACKUP_NAS05/ECDTM_repo/R3724/align/76-LODBREAST11R1CT502T_M535-M735.deduplicated.bam
LUNG15R2,R3725,/mnt/BACKUP_NAS05/ECDTM_repo/R3724/align/65-LODLUNG15R2CT502T_S6531-S6731.deduplicated.bam
LUNG19R2,R3725,/mnt/BACKUP_NAS05/ECDTM_repo/R3725/align/144-LUNG19R2CT507T_S7507-S7707.deduplicated.bam
LODGAS8,R3724,/mnt/BACKUP_NAS05/ECDTM_repo/R3724/align/7-LODGAS8CT496T_M567-M767.deduplicated.bam
LODCRC21R2,R3724,/mnt/BACKUP_NAS05/ECDTM_repo/R3724/align/2-LODCRC21R2CT496T_M562-M762.deduplicated.bam
LODLUNG14R1,R3724,/mnt/BACKUP_NAS05/ECDTM_repo/R3724/align/58-LODLUNG14R1CT501T_S6512-S6712.deduplicated.bam
LODBREAST14R1,R3724,/mnt/BACKUP_NAS05/ECDTM_repo/R3724/align/79-LODBREAST14R1CT502T_M517-M717.deduplicated.bam
LUNG19R3,R3725,/mnt/BACKUP_NAS05/ECDTM_repo/R3753/align/46-LODLUNG19R3CT506T_S6585-S6785.deduplicated.bam
LODLUNG9,R3724,/mnt/BACKUP_NAS05/ECDTM_repo/R3724/align/32-LODLUNG9CT499T_M594-M794.deduplicated.bam
LODBREAST12,R3724,/mnt/BACKUP_NAS05/ECDTM_repo/R3724/align/70-LODBREAST12CT502T_M529-M729.deduplicated.bam
LODLUNG10,R3724,/mnt/BACKUP_NAS05/ECDTM_repo/R3724/align/33-LODLUNG10CT500T_M595-M795.deduplicated.bam
LUNG14R1,R3724,/mnt/BACKUP_NAS05/ECDTM_repo/R3724/align/27-LUNG14R1CT499T_M589-M789.deduplicated.bam
LODLUNG11,R3724,/mnt/BACKUP_NAS05/ECDTM_repo/R3724/align/48-LODLUNG11CT500T_S6502-S6702.deduplicated.bam
LODLUNG17,R3725,/mnt/BACKUP_NAS05/ECDTM_repo/R3725/align/124-LODLUNG17CT505T_S6583-S6783.deduplicated.bam
LODBREAST23R1,R3725,/mnt/BACKUP_NAS05/ECDTM_repo/R3725/align/113-LODBREAST23R1CT505T_S6572-S6772.deduplicated.bam
LODBREAST24,R3725,/mnt/BACKUP_NAS05/ECDTM_repo/R3725/align/107-LODBREAST24CT504T_S6558-S6758.deduplicated.bam
LODBREAST25R2,R3725,/mnt/BACKUP_NAS05/ECDTM_repo/R3725/align/122-LODBREAST25R2CT505T_S6581-S6781.deduplicated.bam
LODBREAST25,R3725,/mnt/BACKUP_NAS05/ECDTM_repo/R3725/align/108-LODBREAST25CT504T_S6559-S6759.deduplicated.bam
LODBREAST26,R3725,/mnt/BACKUP_NAS05/ECDTM_repo/R3725/align/109-LODBREAST26CT504T_S6560-S6760.deduplicated.bam
LODGAS1,R3646,/mnt/BACKUP_NAS05/ECDTM_repo/R4329/align/15-LODGAS16R2CT600T_M538-M738.deduplicated.bam
LODGAS2,R3646,/mnt/GS_NAS05/ECDTM_repo/R4885/align/40-LODGAS23R1CT676T_M508-M708.deduplicated.bam
LODGAS3,R3646,/mnt/BACKUP_NAS05/ECDTM_repo/R3646/align/13-LODGAS3CT470T_M550-M750.deduplicated.bam
LODGAS4,R3646,/mnt/BACKUP_NAS05/ECDTM_repo/R3646/align/14-LODGAS4CT470T_M551-M751.deduplicated.bam
LODLIV1,R3646,/mnt/BACKUP_NAS05/ECDTM_repo/R3703/align/33-LODLIV14R1CT493T_M571-M771.deduplicated.bam
LODLIV2,R3646,/mnt/BACKUP_NAS05/ECDTM_repo/R3703/align/47-LODLIV20CT493T_M586-M786.deduplicated.bam
LODLIV3,R3646,/mnt/BACKUP_NAS05/ECDTM_repo/R3646/align/9-LODLIV3CT470T_M546-M746.deduplicated.bam
LODLIV4,R3646,/mnt/BACKUP_NAS05/ECDTM_repo/R3646/align/10-LODLIV4CT470T_M547-M747.deduplicated.bam
LODCRC9,R3666,/mnt/BACKUP_NAS05/ECDTM_repo/R3666/align/34-LODCRC9CT478T_M506-M706.deduplicated.bam
LODCRC9R1,R3666,/mnt/BACKUP_NAS05/ECDTM_repo/R3666/align/44-LODCRC9R1CT478T_M518-M718.deduplicated.bam
LODCRC11R2,R3666,/mnt/BACKUP_NAS05/ECDTM_repo/R3666/align/68-LODCRC11R2CT479T_M534-M734.deduplicated.bam
LODCRC10,R3666,/mnt/BACKUP_NAS05/ECDTM_repo/R3666/align/35-LODCRC10CT478T_M507-M707.deduplicated.bam
LODCRC8,R3666,/mnt/BACKUP_NAS05/ECDTM_repo/R3666/align/33-LODCRC8CT478T_M505-M705.deduplicated.bam
LODCRC14,R3666,/mnt/BACKUP_NAS05/ECDTM_repo/R3666/align/39-LODCRC14CT478T_M511-M711.deduplicated.bam
LODCRC11,R3666,/mnt/BACKUP_NAS05/ECDTM_repo/R3666/align/36-LODCRC11CT478T_M508-M708.deduplicated.bam
LODCRC13R2,R3666,/mnt/BACKUP_NAS05/ECDTM_repo/R3666/align/70-LODCRC13R2CT479T_M536-M736.deduplicated.bam
LODCRC8R1,R3666,/mnt/BACKUP_NAS05/ECDTM_repo/R3666/align/43-LODCRC8R1CT478T_M517-M717.deduplicated.bam
LODCRC8R2,R3666,/mnt/BACKUP_NAS05/ECDTM_repo/R3666/align/65-LODCRC8R2CT479T_M531-M731.deduplicated.bam
LODCRC13R1,R3666,/mnt/BACKUP_NAS05/ECDTM_repo/R3666/align/48-LODCRC13R1CT478T_M530-M730.deduplicated.bam
LODCRC12R2,R3666,/mnt/BACKUP_NAS05/ECDTM_repo/R3666/align/69-LODCRC12R2CT479T_M535-M735.deduplicated.bam
LODCRC16,R3666,/mnt/BACKUP_NAS05/ECDTM_repo/R3666/align/41-LODCRC16CT478T_M513-M713.deduplicated.bam
LODCRC15,R3666,/mnt/BACKUP_NAS05/ECDTM_repo/R3666/align/40-LODCRC15CT478T_M512-M712.deduplicated.bam
LODCRC12R1,R3666,/mnt/BACKUP_NAS05/ECDTM_repo/R3666/align/47-LODCRC12R1CT478T_M529-M729.deduplicated.bam
LODCRC12,R3666,/mnt/BACKUP_NAS05/ECDTM_repo/R3666/align/37-LODCRC12CT478T_M509-M709.deduplicated.bam
LODCRC17,R3666,/mnt/BACKUP_NAS05/ECDTM_repo/R3666/align/42-LODCRC17CT478T_M514-M714.deduplicated.bam
LODCRC9R2,R3666,/mnt/BACKUP_NAS05/ECDTM_repo/R3666/align/66-LODCRC9R2CT479T_M532-M732.deduplicated.bam
LODCRC13,R3666,/mnt/BACKUP_NAS05/ECDTM_repo/R3666/align/38-LODCRC13CT478T_M510-M710.deduplicated.bam
LODCRC10R1,R3666,/mnt/BACKUP_NAS05/ECDTM_repo/R3666/align/45-LODCRC10R1CT478T_M519-M719.deduplicated.bam
LODCRC10R2,R3666,/mnt/BACKUP_NAS05/ECDTM_repo/R3666/align/67-LODCRC10R2CT479T_M533-M733.deduplicated.bam
LODCRC11R1,R3666,/mnt/BACKUP_NAS05/ECDTM_repo/R3666/align/46-LODCRC11R1CT478T_M520-M720.deduplicated.bam
LIVER5,R3666,/mnt/BACKUP_NAS05/ECDTM_repo/R3666/align/79-LIVER5CT479T_M553-M753.deduplicated.bam
GASTRIC2,R3666,/mnt/BACKUP_NAS05/ECDTM_repo/R3666/align/76-GASTRIC2CT479T_M550-M750.deduplicated.bam
BREAST9,R3666,/mnt/BACKUP_NAS05/ECDTM_repo/R3724/align/67-LODBREAST9CT502T_M502-M702.deduplicated.bam
LIVER3P,R3666,/mnt/BACKUP_NAS05/ECDTM_repo/R3666/align/16-LIVER3PCT477T_M560-M760.deduplicated.bam
LIVER3R1,R3666,/mnt/BACKUP_NAS05/ECDTM_repo/R3743/align/35-LIVER3R17CT510T_M564-M764.deduplicated.bam
BREAST10,R3666,/mnt/BACKUP_NAS05/ECDTM_repo/R3724/align/68-LODBREAST10CT502T_M503-M703.deduplicated.bam
LIVER6,R3666,/mnt/BACKUP_NAS05/ECDTM_repo/R3666/align/80-LIVER6CT479T_M554-M754.deduplicated.bam
BREAST8,R3666,/mnt/BACKUP_NAS05/ECDTM_repo/R3666/align/72-BREAST8CT479T_M538-M738.deduplicated.bam
CRC11,R3666,/mnt/BACKUP_NAS05/ECDTM_repo/R3666/align/75-CRC11CT479T_M549-M749.deduplicated.bam
CRC7PR50,R3666,/mnt/BACKUP_NAS05/ECDTM_repo/R3666/align/9-CRC7PR50CT477T_M515-M715.deduplicated.bam
LUNG14P,R3666,/mnt/BACKUP_NAS05/ECDTM_repo/R3666/align/12-LUNG14PCT477T_M556-M756.deduplicated.bam
LUNG15P,R3666,/mnt/BACKUP_NAS05/ECDTM_repo/R3666/align/13-LUNG15PCT477T_M557-M757.deduplicated.bam
CRC3R26,R3693,/mnt/BACKUP_NAS05/ECDTM_repo/R3693/align/11-CRC3R26CT488T_M587-M787.deduplicated.bam
CRC3R27,R3693,/mnt/BACKUP_NAS05/ECDTM_repo/R3693/align/12-CRC3R27CT488T_M588-M788.deduplicated.bam
CRC3R25,R3685,/mnt/BACKUP_NAS05/ECDTM_repo/R3685/align/44-CRC3R25CT487T_M574-M774.deduplicated.bam
CONTROL25R20,R3232,/mnt/BACKUP_NAS05/ECDTM_repo/R3232/align/62-CONTROL25R20T_M545-M745.deduplicated.bam
CONTROL30PR1,R3308,/mnt/BACKUP_NAS05/ECDTM_repo/R3308/align/3-CONTROL30PR1CT406T_M527-M727.deduplicated.bam
CONTROL30R10,R3327,/mnt/BACKUP_NAS05/ECDTM_repo/R3327/align/88-CONTROL30R10T_M505-M705.deduplicated.bam
CONTROL30R3,R3232,/mnt/BACKUP_NAS05/ECDTM_repo/R3232/align/61-CONTROL30R3T_M562-M762.deduplicated.bam
CONTROL30R5,R3285,/mnt/BACKUP_NAS05/ECDTM_repo/R3285/align/44-CONTROL30R5T_M505-M705.deduplicated.bam
CONTROL30R7,R3296,/mnt/BACKUP_NAS05/ECDTM_repo/R3296/align/65-CONTROL30R7T_M529-M729.deduplicated.bam
CONTROL31PR1,R3308,/mnt/BACKUP_NAS05/ECDTM_repo/R3308/align/8-CONTROL31PR1CT406T_M541-M741.deduplicated.bam
CONTROL31PR3,R3354,/mnt/BACKUP_NAS05/ECDTM_repo/R3354/align/62-CONTROL31PR3CT413T_M512-M712.deduplicated.bam
CONTROL31PR4,R3378,/mnt/BACKUP_NAS05/ECDTM_repo/R3378/align/81-CONTROL31PR4CT418T_M552-M752.deduplicated.bam
CONTROL31PR7,R3449,/mnt/BACKUP_NAS05/ECDTM_repo/R3449/align/33-CONTROL31PR7CT427T_M586-M786.deduplicated.bam
CONTROL31PR8,R3529,/mnt/BACKUP_NAS05/ECDTM_repo/R3529/align/33-CONTROL31PR8CT443T_M536-M736.deduplicated.bam
CONTROL31R2,R3354,/mnt/BACKUP_NAS05/ECDTM_repo/R3354/align/16-CONTROL31R2CT409T_M592-M792.deduplicated.bam
CONTROL31R9,R3550,/mnt/BACKUP_NAS05/ECDTM_repo/R3550/align/47-CONTROL31R9CT448T_M560-M760.deduplicated.bam
CONTROL32PR1,R3326,/mnt/BACKUP_NAS05/ECDTM_repo/R3326/align/6-CONTROL32PR1CT407T_M561-M761.deduplicated.bam
CONTROL32PR5,R3449,/mnt/BACKUP_NAS05/ECDTM_repo/R3449/align/34-CONTROL32PR5CT427T_M560-M760.deduplicated.bam
CONTROL33,R3353,/mnt/BACKUP_NAS05/ECDTM_repo/R3353/align/61-CONTROL33T_M541-M741.deduplicated.bam
CONTROL33PR10,R3426,/mnt/BACKUP_NAS05/ECDTM_repo/R3426/align/34-CONTROL33PR10CT423T_M540-M740.deduplicated.bam
CONTROL33PR11,R3426,/mnt/BACKUP_NAS05/ECDTM_repo/R3426/align/35-CONTROL33PR11CT423T_M517-M717.deduplicated.bam
CONTROL33PR12,R3426,/mnt/BACKUP_NAS05/ECDTM_repo/R3426/align/36-CONTROL33PR12CT423T_M545-M745.deduplicated.bam
CONTROL33PR13,R3449,/mnt/BACKUP_NAS05/ECDTM_repo/R3449/align/35-CONTROL33PR13CT427T_M561-M761.deduplicated.bam
CONTROL33PR14,R3449,/mnt/BACKUP_NAS05/ECDTM_repo/R3449/align/36-CONTROL33PR14CT427T_M517-M717.deduplicated.bam
CONTROL33PR15,R3479,/mnt/BACKUP_NAS05/ECDTM_repo/R3479/align/13-CONTROL33PR15CT430T_M544-M744.deduplicated.bam
CONTROL33PR16,R3479,/mnt/BACKUP_NAS05/ECDTM_repo/R3479/align/34-CONTROL33PR16CT431T_M596-M796.deduplicated.bam
CONTROL33PR17,R3479,/mnt/BACKUP_NAS05/ECDTM_repo/R3479/align/35-CONTROL33PR17CT431T_M521-M721.deduplicated.bam
CONTROL33PR19,R3489,/mnt/BACKUP_NAS05/ECDTM_repo/R3489/align/14-CONTROL33PR19CT432T_M577-M777.deduplicated.bam
CONTROL33PR21,R3519,/mnt/BACKUP_NAS05/ECDTM_repo/R3519/align/47-CONTROL33PR21CT438T_M545-M745.deduplicated.bam
CONTROL33PR23,R3529,/mnt/BACKUP_NAS05/ECDTM_repo/R3529/align/79-CONTROL33PR23CT444T_M505-M705.deduplicated.bam
CONTROL33PR24,R3549,/mnt/BACKUP_NAS05/ECDTM_repo/R3549/align/16-CONTROL33PR24CT445T_M586-M786.deduplicated.bam
CONTROL33PR7,R3417,/mnt/BACKUP_NAS05/ECDTM_repo/R3417/align/16-CONTROL33PR7CT422T_M516-M716.deduplicated.bam
CONTROL33PR9,R3426,/mnt/BACKUP_NAS05/ECDTM_repo/R3426/align/33-CONTROL33PR9CT423T_M581-M781.deduplicated.bam
CONTROL33R8,R3426,/mnt/BACKUP_NAS05/ECDTM_repo/R3426/align/12-CONTROL33R8CT424T_M547-M747.deduplicated.bam
CONTROL34R1,R3530,/mnt/BACKUP_NAS05/ECDTM_repo/R3530/align/79-CONTROL34R1T_M538-M738.deduplicated.bam
CONTROL34R2,R3530,/mnt/BACKUP_NAS05/ECDTM_repo/R3530/align/47-CONTROL34R2T_M548-M748.deduplicated.bam
CONTROL34R3,R3558,/mnt/BACKUP_NAS05/ECDTM_repo/R3558/align/15-CONTROL34R3T_M550-M750.deduplicated.bam
CONTROL34R4,R3569,/mnt/BACKUP_NAS05/ECDTM_repo/R3569/align/33-CONTROL34R4T_M580-M780.deduplicated.bam
CONTROL36R11,R3448,/mnt/BACKUP_NAS05/ECDTM_repo/R3448/align/18-CONTROL36R11T_M583-M783.deduplicated.bam
CONTROL36R13,R3463,/mnt/BACKUP_NAS05/ECDTM_repo/R3463/align/75-CONTROL36R13T_M583-M783.deduplicated.bam
CONTROL36R16,R3463,/mnt/BACKUP_NAS05/ECDTM_repo/R3463/align/71-CONTROL36R16T_M551-M751.deduplicated.bam
CONTROL36R17,R3463,/mnt/BACKUP_NAS05/ECDTM_repo/R3463/align/109-CONTROL36R17T_M567-M767.deduplicated.bam
CONTROL36R18,R3463,/mnt/BACKUP_NAS05/ECDTM_repo/R3463/align/105-CONTROL36R18T_M569-M769.deduplicated.bam
CONTROL36R19,R3478,/mnt/BACKUP_NAS05/ECDTM_repo/R3478/align/73-CONTROL36R19T_M585-M785.deduplicated.bam
CONTROL36R2,R3389,/mnt/BACKUP_NAS05/ECDTM_repo/R3478/align/103-CONTROL36R20T_M506-M706.deduplicated.bam
CONTROL36R21,R3489,/mnt/BACKUP_NAS05/ECDTM_repo/R3489/align/8-CONTROL36R21T_M541-M741.deduplicated.bam
CONTROL36R25,R3509,/mnt/BACKUP_NAS05/ECDTM_repo/R3509/align/15-CONTROL36R25T_M541-M741.deduplicated.bam
CONTROL36R4,R3404,/mnt/BACKUP_NAS05/ECDTM_repo/R3404/align/78-CONTROL36R4T_M518-M718.deduplicated.bam
CONTROL36R5,R3404,/mnt/BACKUP_NAS05/ECDTM_repo/R3404/align/79-CONTROL36R5T_M519-M719.deduplicated.bam
CONTROL36R7,R3429,/mnt/BACKUP_NAS05/ECDTM_repo/R3429/align/32-CONTROL36R7T_M512-M712.deduplicated.bam
CONTROL38R1,R3550,/mnt/BACKUP_NAS05/ECDTM_repo/R3636/align/48-CONTROL38R12CT467T_M587-M787.deduplicated.bam
CONTROL38R2,R3550,/mnt/BACKUP_NAS05/ECDTM_repo/R3773/align/80-CONTROL38R27CT517T_M538-M738.deduplicated.bam
CONTROL39PR1,R3559,/mnt/BACKUP_NAS05/ECDTM_repo/R3559/align/42-CONTROL39PR1CT453T_M529-M729.deduplicated.bam
CONTROL39R2,R3568,/mnt/BACKUP_NAS05/ECDTM_repo/R3568/align/15-CONTROL39R2CT454T_M529-M729.deduplicated.bam
CONTROL40,R3550,/mnt/BACKUP_NAS05/ECDTM_repo/R3550/align/44-CONTROL40CT448T_M511-M711.deduplicated.bam
CONTROL40PR4,R3596,/mnt/BACKUP_NAS05/ECDTM_repo/R3596/align/12-CONTROL40PR4CT461T_M512-M712.deduplicated.bam
CONTROL40R1,R3550,/mnt/BACKUP_NAS05/ECDTM_repo/R3683/align/1-CONTROL40R17CT485T_M566-M766.deduplicated.bam
CONTROL41R6,R3596,/mnt/BACKUP_NAS05/ECDTM_repo/R3596/align/12-CONTROL41R6T_M530-M730.deduplicated.bam
CONTROL42P,R3596,/mnt/BACKUP_NAS05/ECDTM_repo/R3596/align/7-CONTROL42PCT461T_M571-M771.deduplicated.bam
CONTROL44R1,R3685,/mnt/BACKUP_NAS05/ECDTM_repo/R3685/align/37-CONTROL44R1CT487T_M559-M759.deduplicated.bam
CONTROL44R2,R3685,/mnt/BACKUP_NAS05/ECDTM_repo/R3685/align/38-CONTROL44R2CT487T_M560-M760.deduplicated.bam
CONTROL44R9,R3715,/mnt/BACKUP_NAS05/ECDTM_repo/R3715/align/44-CONTROL44R9CT497T_M524-M724.deduplicated.bam
LODCONTROL2,R3683,/mnt/BACKUP_NAS05/ECDTM_repo/R3683/align/13-LODCONTROL2CT485T_M520-M720.deduplicated.bam
LODCONTROL3,R3703,/mnt/BACKUP_NAS05/ECDTM_repo/R3703/align/4-LODCONTROL3CT492T_M556-M756.deduplicated.bam
LODCONTROL4R1,R3715,/mnt/BACKUP_NAS05/ECDTM_repo/R3715/align/1-LODCONTROL4R1CT495T_M512-M712.deduplicated.bam
LODCONTROL5R1,R3724,/mnt/BACKUP_NAS05/ECDTM_repo/R3724/align/20-LODCONTROL5R1CT499T_M580-M780.deduplicated.bam
